"","country","provpcode","province","ctypcode","county","scpcode","subcounty","dhis2_id","ID_shp","ID_county.x","zone","setting","sub_calib","sub_sims","calib_level","ID_calib","ID_sims","ID_county.y","zone_disp"
"1","Kenya","KEN_1_1","Coast","KEN_2_1","Mombasa","KEN_3_6","Mvita  Sub County","C1xuoa1NAMm","Mvita Sub County","Mombasa County","Coast Endemic","mombasa","Mvita","Mvita","Sub County","Mvita Sub County","Mvita Sub County","Mombasa County","Coast Endemic"
"2","Kenya","KEN_1_7","Nyanza","KEN_2_42","Kisumu","KEN_3_240","Kisumu Central Sub County","OpLt8IgyHop","Kisumu Central Sub County","Kisumu County","Lake Endemic","kisumu vaccine 22","Kisumu Central","Kisumu Central","Sub County","Kisumu Central Sub County","Kisumu Central Sub County","Kisumu County","Lake Endemic"
"3","Kenya","KEN_1_3","Eastern","KEN_2_15","Kitui","KEN_3_70","Kitui West  Sub County","cmWAJB5kCDW","Kitui West Sub County","Kitui County","Seasonal Transmission","kitui","kitui","kitui","County","Kitui County","Kitui County","Kitui County","Seasonal Transmission"
"4","Kenya","KEN_1_6","Western","KEN_2_39","Bungoma","KEN_3_219","Bumula Sub County","jkQZEow83MX","Bumula Sub County","Bungoma County","Lake Endemic","bungoma vaccine 22","Bumula","Bumula","Sub County","Bumula Sub County","Bumula Sub County","Bungoma County","Lake Endemic"
"5","Kenya","KEN_1_7","Nyanza","KEN_2_42","Kisumu","KEN_3_244","Nyakach Sub County","kBQIjtWUBqj","Nyakach Sub County","Kisumu County","Lake Endemic","kisumu vaccine 23","Nyakach","Nyakach","Sub County","Nyakach Sub County","Nyakach Sub County","Kisumu County","Lake Endemic"
"6","Kenya","KEN_1_7","Nyanza","KEN_2_46","Nyamira","KEN_3_273","Borabu Sub County","ABuzigW8Lzw","Borabu Sub County","Nyamira County","Highland Epidemic Prone","nyamira","Borabu","Borabu","Sub County","Borabu Sub County","Borabu Sub County","Nyamira County","Highland Epidemic Prone"
"7","Kenya","KEN_1_3","Eastern","KEN_2_17","Makueni","KEN_3_86","Makueni  Sub County","AIGIQpolMRn","Makueni Sub County","Makueni County","Low Risk","makueni","makueni","makueni","County","Makueni County","Makueni County","Makueni County","Low Risk"
"8","Kenya","KEN_1_1","Coast","KEN_2_3","Kilifi","KEN_3_15","Ganze Sub County","x7qUMtZZvo9","Ganze Sub County","Kilifi County","Coast Endemic","kilifi","Ganze","Ganze","Sub County","Ganze Sub County","Ganze Sub County","Kilifi County","Coast Endemic"
"9","Kenya","KEN_1_4","Central","KEN_2_19","Nyeri",NA,"Kieni West Sub County","odOtfcaMg4p","Kieni West Sub County","Nyeri County","Low Risk","nyeri","nyeri","nyeri","County","Nyeri County","Nyeri County","Nyeri County","Low Risk"
"10","Kenya","KEN_1_3","Eastern","KEN_2_12","Meru","KEN_3_54","Tigania West Sub County","Q4xAPhWUnYC","Tigania West Sub County","Meru County","Low Risk","meru","meru","meru","County","Meru County","Meru County","Meru County","Low Risk"
"11","Kenya","KEN_1_2","North Eastern","KEN_2_8","Wajir","KEN_3_38","Wajir South Sub County","U7KFQn3Up3o","Wajir South Sub County","Wajir County","Seasonal Transmission","wajir","wajir","wajir","County","Wajir County","Wajir County","Wajir County","Seasonal Transmission"
"12","Kenya","KEN_1_6","Western","KEN_2_40","Busia","KEN_3_227","Nambale Sub County","e1J7R103h8I","Nambale Sub County","Busia County","Lake Endemic","busia vaccine 22","Nambale","Nambale","Sub County","Nambale Sub County","Nambale Sub County","Busia County","Lake Endemic"
"13","Kenya","KEN_1_4","Central","KEN_2_18","Nyandarua","KEN_3_91","Olkalou Sub County","Lm9RMwhIu3G","Olkalou Sub County","Nyandarua County","Low Risk","nyandarua","nyandarua","nyandarua","County","Nyandarua County","Nyandarua County","Nyandarua County","Low Risk"
"14","Kenya","KEN_1_8","Nairobi","KEN_2_47","Nairobi","KEN_3_279","Roysambu  Sub County","j7GpbairCOi","Roysambu Sub County","Nairobi County","Low Risk","nairobi","nairobi","nairobi","County","Nairobi County","Nairobi County","Nairobi County","Low Risk"
"15","Kenya","KEN_1_8","Nairobi","KEN_2_47","Nairobi","KEN_3_278","Kibra  Sub County","LO5he3DtiFG","Kibra Sub County","Nairobi County","Low Risk","nairobi","nairobi","nairobi","County","Nairobi County","Nairobi County","Nairobi County","Low Risk"
"16","Kenya","KEN_1_5","Rift Valley","KEN_2_30","Baringo","KEN_3_162","Koibatek Sub County","Yl9UDBnDvvW","Koibatek Sub County","Baringo County","Highland Epidemic Prone","baringo","Koibatek","Koibatek","Sub County","Koibatek Sub County","Koibatek Sub County","Baringo County","Highland Epidemic Prone"
"17","Kenya","KEN_1_6","Western","KEN_2_37","Kakamega","KEN_3_210","Ikolomani Sub County","BE6HMtlHyl1","Ikolomani Sub County","Kakamega County","Lake Endemic","kakamega vaccine 22","Ikolomani","Ikolomani","Sub County","Ikolomani Sub County","Ikolomani Sub County","Kakamega County","Lake Endemic"
"18","Kenya","KEN_1_7","Nyanza","KEN_2_43","Homa Bay","KEN_3_249","Homa Bay Town Sub County","Ur2xRBDtazT","Homa Bay Town Sub County","Homa Bay County","Lake Endemic","homa bay vaccine 22","Homa Bay Town","Homa Bay Town","Sub County","Homa Bay Town Sub County","Homa Bay Town Sub County","Homa Bay County","Lake Endemic"
"19","Kenya","KEN_1_7","Nyanza","KEN_2_45","Kisii","KEN_3_261","Bonchari  Sub County","zCCIu1Vi3Wh","Bonchari Sub County","Kisii County","Highland Epidemic Prone","kisii","Bonchari","Bonchari","Sub County","Bonchari Sub County","Bonchari Sub County","Kisii County","Highland Epidemic Prone"
"20","Kenya","KEN_1_5","Rift Valley","KEN_2_36","Bomet","KEN_3_195","Chepalungu Sub County","PUhMyfDD2xp","Chepalungu Sub County","Bomet County","Highland Epidemic Prone","bomet","Chepalungu","Chepalungu","Sub County","Chepalungu Sub County","Chepalungu Sub County","Bomet County","Highland Epidemic Prone"
"21","Kenya","KEN_1_1","Coast","KEN_2_3","Kilifi","KEN_3_14","Rabai Sub County","hJf4rt7cvI6","Rabai Sub County","Kilifi County","Coast Endemic","kilifi","Rabai","Rabai","Sub County","Rabai Sub County","Rabai Sub County","Kilifi County","Coast Endemic"
"22","Kenya","KEN_1_8","Nairobi","KEN_2_47","Nairobi","KEN_3_276","Dagoretti South Sub County","sqNWYDHZZ6W","Dagoretti South Sub County","Nairobi County","Low Risk","nairobi","nairobi","nairobi","County","Nairobi County","Nairobi County","Nairobi County","Low Risk"
"23","Kenya","KEN_1_6","Western","KEN_2_37","Kakamega","KEN_3_201","Malava Sub County","ES1CWa4AJmJ","Malava Sub County","Kakamega County","Lake Endemic","kakamega vaccine 22","Malava","Malava","Sub County","Malava Sub County","Malava Sub County","Kakamega County","Lake Endemic"
"24","Kenya","KEN_1_5","Rift Valley","KEN_2_23","Turkana","KEN_3_125","Turkana Central Sub County","zd8rhYqGowE","Turkana Central Sub County","Turkana County","Seasonal Transmission","turkana seasonal","Turkana Central","Turkana Central","Sub County","Turkana Central Sub County","Turkana Central Sub County","Turkana County","Seasonal Transmission"
"25","Kenya","KEN_1_6","Western","KEN_2_38","Vihiga","KEN_3_215","Emuhaya Sub County","Lpy789vqRC6","Emuhaya Sub County","Vihiga County","Lake Endemic","vihiga vaccine 22","Emuhaya","Emuhaya","Sub County","Emuhaya Sub County","Emuhaya Sub County","Vihiga County","Lake Endemic"
"26","Kenya","KEN_1_3","Eastern","KEN_2_15","Kitui","KEN_3_68","Mwingi West Sub County","svwbDnzhgik","Mwingi West Sub County","Kitui County","Seasonal Transmission","kitui","kitui","kitui","County","Kitui County","Kitui County","Kitui County","Seasonal Transmission"
"27","Kenya","KEN_1_5","Rift Valley","KEN_2_31","Laikipia","KEN_3_164","Laikipia East Sub County","pF6qPMIlHte","Laikipia East Sub County","Laikipia County","Low Risk","laikipia","laikipia","laikipia","County","Laikipia County","Laikipia County","Laikipia County","Low Risk"
"28","Kenya","KEN_1_1","Coast","KEN_2_1","Mombasa","KEN_3_3","Kisauni  Sub County","C1hO6wNOgrH","Kisauni Sub County","Mombasa County","Coast Endemic","mombasa","Kisauni","Kisauni","Sub County","Kisauni Sub County","Kisauni Sub County","Mombasa County","Coast Endemic"
"29","Kenya","KEN_1_8","Nairobi","KEN_2_47","Nairobi","KEN_3_275","Dagoretti North Sub County","CcTr4bcVGAG","Dagoretti North Sub County","Nairobi County","Low Risk","nairobi","nairobi","nairobi","County","Nairobi County","Nairobi County","Nairobi County","Low Risk"
"30","Kenya","KEN_1_5","Rift Valley","KEN_2_32","Nakuru","KEN_3_170","Kuresoi South  Sub County","QwGkDS0DNls","Kuresoi South Sub County","Nakuru County","Low Risk","nakuru","nakuru","nakuru","County","Nakuru County","Nakuru County","Nakuru County","Low Risk"
"31","Kenya","KEN_1_3","Eastern","KEN_2_10","Marsabit","KEN_3_46","NORTH HORR","j6fqt5TYqPZ","North Horr Sub County","Marsabit County","Seasonal Transmission","marsabit","marsabit","marsabit","County","Marsabit County","Marsabit County","Marsabit County","Seasonal Transmission"
"32","Kenya","KEN_1_3","Eastern","KEN_2_12","Meru","KEN_3_53","Igembe North Sub County","G9DoZvSdGLx","Igembe North Sub County","Meru County","Low Risk","meru","meru","meru","County","Meru County","Meru County","Meru County","Low Risk"
"33","Kenya","KEN_1_6","Western","KEN_2_37","Kakamega","KEN_3_203","Navakholo Sub County","G6PJ5kFVAuO","Navakholo Sub County","Kakamega County","Lake Endemic","kakamega vaccine 22","Navakholo","Navakholo","Sub County","Navakholo Sub County","Navakholo Sub County","Kakamega County","Lake Endemic"
"34","Kenya","KEN_1_4","Central","KEN_2_22","Kiambu","KEN_3_113","Juja Sub County","aiqi2bz0IMI","Juja Sub County","Kiambu County","Low Risk","kiambu","kiambu","kiambu","County","Kiambu County","Kiambu County","Kiambu County","Low Risk"
"35","Kenya","KEN_1_6","Western","KEN_2_39","Bungoma","KEN_3_222","Webuye West Sub County","aqYhbqKclsI","Webuye West Sub County","Bungoma County","Lake Endemic","bungoma","Webuye West","Webuye West","Sub County","Webuye West Sub County","Webuye West Sub County","Bungoma County","Lake Endemic"
"36","Kenya","KEN_1_3","Eastern","KEN_2_15","Kitui","KEN_3_72","Kitui Central  Sub County","MWqQbxWqACn","Kitui Central Sub County","Kitui County","Seasonal Transmission","kitui","kitui","kitui","County","Kitui County","Kitui County","Kitui County","Seasonal Transmission"
"37","Kenya","KEN_1_6","Western","KEN_2_40","Busia","KEN_3_226","Teso South Sub County","EhchjCHkhJ9","Teso South Sub County","Busia County","Lake Endemic","busia vaccine 23","Teso South","Teso South","Sub County","Teso South Sub County","Teso South Sub County","Busia County","Lake Endemic"
"38","Kenya","KEN_1_4","Central","KEN_2_22","Kiambu","KEN_3_120","Kikuyu Sub County","jOVcLeZQSsS","Kikuyu Sub County","Kiambu County","Low Risk","kiambu","kiambu","kiambu","County","Kiambu County","Kiambu County","Kiambu County","Low Risk"
"39","Kenya","KEN_1_4","Central","KEN_2_18","Nyandarua","KEN_3_90","Kipipiri Sub County","KlVgeHmvG6n","Kipipiri Sub County","Nyandarua County","Low Risk","nyandarua","nyandarua","nyandarua","County","Nyandarua County","Nyandarua County","Nyandarua County","Low Risk"
"40","Kenya","KEN_1_5","Rift Valley","KEN_2_27","Uasin Gishu","KEN_3_143","Moiben Sub County","q8R0FA1hxnP","Moiben Sub County","Uasin Gishu County","Highland Epidemic Prone","uasin gishu","Moiben","Moiben","Sub County","Moiben Sub County","Moiben Sub County","Uasin Gishu County","Highland Epidemic Prone"
"41","Kenya","KEN_1_5","Rift Valley","KEN_2_35","Kericho","KEN_3_192","Belgut Sub County","YnIAWg1T4AY","Belgut Sub County","Kericho County","Highland Epidemic Prone","kericho","Belgut","Belgut","Sub County","Belgut Sub County","Belgut Sub County","Kericho County","Highland Epidemic Prone"
"42","Kenya","KEN_1_2","North Eastern","KEN_2_8","Wajir","KEN_3_37","Eldas Sub County","x6Z1sBeiyqQ","Eldas Sub County","Wajir County","Seasonal Transmission","wajir","wajir","wajir","County","Wajir County","Wajir County","Wajir County","Seasonal Transmission"
"43","Kenya","KEN_1_5","Rift Valley","KEN_2_33","Narok","KEN_3_177","Transmara West Sub County","Nb6e34jNGAq","Transmara West Sub County","Narok County","Highland Epidemic Prone","narok","Transmara West","Transmara West","Sub County","Transmara West Sub County","Transmara West Sub County","Narok County","Highland Epidemic Prone"
"44","Kenya","KEN_1_3","Eastern","KEN_2_12","Meru","KEN_3_51","Igembe South Sub County","wtuGWT7KjVm","Igembe South Sub County","Meru County","Seasonal Transmission","meru","meru","meru","County","Meru County","Meru County","Meru County","Low Risk"
"45","Kenya","KEN_1_6","Western","KEN_2_39","Bungoma",NA,"Cheptais Sub County","NZphHeczehh","Cheptais Sub County","Bungoma County","Highland Epidemic Prone","bungoma","Cheptais","Cheptais","Sub County","Cheptais Sub County","Cheptais Sub County","Bungoma County","Highland Epidemic Prone"
"46","Kenya","KEN_1_4","Central","KEN_2_18","Nyandarua","KEN_3_92","Oljoroorok Sub County","fVSw60UAC3W","Oljoroorok Sub County","Nyandarua County","Low Risk","nyandarua","nyandarua","nyandarua","County","Nyandarua County","Nyandarua County","Nyandarua County","Low Risk"
"47","Kenya","KEN_1_5","Rift Valley","KEN_2_29","Nandi","KEN_3_155","Emgwen Sub County","Njv37QXxNy2","Emgwen Sub County","Nandi County","Highland Epidemic Prone","nandi","Emgwen","Emgwen","Sub County","Emgwen Sub County","Emgwen Sub County","Nandi County","Highland Epidemic Prone"
"48","Kenya","KEN_1_7","Nyanza","KEN_2_46","Nyamira","KEN_3_270","Masaba North Sub County","Qn5Fff2lIDz","Masaba North Sub County","Nyamira County","Highland Epidemic Prone","nyamira","Masaba North","Masaba North","Sub County","Masaba North Sub County","Masaba North Sub County","Nyamira County","Highland Epidemic Prone"
"49","Kenya","KEN_1_3","Eastern","KEN_2_16","Machakos","KEN_3_76","Yatta Sub County","CeukNtGhW7J","Yatta Sub County","Machakos County","Low Risk","machakos","machakos","machakos","County","Machakos County","Machakos County","Machakos County","Low Risk"
"50","Kenya","KEN_1_4","Central","KEN_2_22","Kiambu","KEN_3_122","Lari Sub County","nCziQtZ49jj","Lari Sub County","Kiambu County","Low Risk","kiambu","kiambu","kiambu","County","Kiambu County","Kiambu County","Kiambu County","Low Risk"
"51","Kenya","KEN_1_3","Eastern","KEN_2_12","Meru","KEN_3_52","Igembe Central Sub County","TPfcUHno8oP","Igembe Central Sub County","Meru County","Seasonal Transmission","meru","meru","meru","County","Meru County","Meru County","Meru County","Low Risk"
"52","Kenya","KEN_1_4","Central","KEN_2_21","Muranga","KEN_3_105","Mathioya Sub County","u7Gkh63FYe4","Mathioya Sub County","Muranga County","Low Risk","muranga","muranga","muranga","County","Muranga County","Muranga County","Muranga County","Low Risk"
"53","Kenya","KEN_1_4","Central","KEN_2_21","Muranga","KEN_3_109","Kandara Sub County","gwYTo0wITYX","Kandara Sub County","Muranga County","Low Risk","muranga","muranga","muranga","County","Muranga County","Muranga County","Muranga County","Low Risk"
"54","Kenya","KEN_1_5","Rift Valley","KEN_2_35","Kericho","KEN_3_188","Kipkelion East Sub County","gU0Cz7Qlfss","Kipkelion East Sub County","Kericho County","Highland Epidemic Prone","kericho","Kipkelion East","Kipkelion East","Sub County","Kipkelion East Sub County","Kipkelion East Sub County","Kericho County","Highland Epidemic Prone"
"55","Kenya","KEN_1_3","Eastern","KEN_2_16","Machakos","KEN_3_79","Kathiani Sub County","iCey76HYgLP","Kathiani Sub County","Machakos County","Low Risk","machakos","machakos","machakos","County","Machakos County","Machakos County","Machakos County","Low Risk"
"56","Kenya","KEN_1_5","Rift Valley","KEN_2_36","Bomet","KEN_3_194","Sotik Sub County","KyuSYunELJI","Sotik Sub County","Bomet County","Highland Epidemic Prone","bomet","Sotik","Sotik","Sub County","Sotik Sub County","Sotik Sub County","Bomet County","Highland Epidemic Prone"
"57","Kenya","KEN_1_8","Nairobi","KEN_2_47","Nairobi","KEN_3_282","Embakasi South Sub County","aDp1odOWYC1","Embakasi South Sub County","Nairobi County","Low Risk","nairobi","nairobi","nairobi","County","Nairobi County","Nairobi County","Nairobi County","Low Risk"
"58","Kenya","KEN_1_2","North Eastern","KEN_2_9","Mandera","KEN_3_40","BANISSA","hCvlJNjyZna","Banissa Sub County","Mandera County","Seasonal Transmission","mandera","mandera","mandera","County","Mandera County","Mandera County","Mandera County","Seasonal Transmission"
"59","Kenya","KEN_1_3","Eastern","KEN_2_13","Tharaka-Nithi",NA,"Tharaka South Sub County","Yz1V5Cx8CO2","Tharaka South Sub County","Tharaka-Nithi County","Seasonal Transmission","tharaka-nithi seasonal","Tharaka South","Tharaka South","Sub County","Tharaka South Sub County","Tharaka South Sub County","Tharaka-Nithi County","Seasonal Transmission"
"60","Kenya","KEN_1_6","Western","KEN_2_40","Busia","KEN_3_229","Butula Sub County","RIBiZFJxB1K","Butula Sub County","Busia County","Lake Endemic","busia vaccine 22","Butula","Butula","Sub County","Butula Sub County","Butula Sub County","Busia County","Lake Endemic"
"61","Kenya","KEN_1_2","North Eastern","KEN_2_8","Wajir","KEN_3_36","Wajir West Sub County","X98G0eIWdmP","Wajir West Sub County","Wajir County","Seasonal Transmission","wajir","wajir","wajir","County","Wajir County","Wajir County","Wajir County","Seasonal Transmission"
"62","Kenya","KEN_1_4","Central","KEN_2_22","Kiambu","KEN_3_112","Gatundu North Sub County","HEsM6W2ImQR","Gatundu North Sub County","Kiambu County","Low Risk","kiambu","kiambu","kiambu","County","Kiambu County","Kiambu County","Kiambu County","Low Risk"
"63","Kenya","KEN_1_7","Nyanza","KEN_2_46","Nyamira","KEN_3_271","Nyamira Sub County","cxjRPbvhjzr","Nyamira Sub County","Nyamira County","Highland Epidemic Prone","nyamira","Nyamira","Nyamira","Sub County","Nyamira Sub County","Nyamira Sub County","Nyamira County","Highland Epidemic Prone"
"64","Kenya","KEN_1_6","Western","KEN_2_39","Bungoma","KEN_3_218","Kabuchai Sub County","k1mze33jOs0","Kabuchai Sub County","Bungoma County","Lake Endemic","bungoma","Kabuchai","Kabuchai","Sub County","Kabuchai Sub County","Kabuchai Sub County","Bungoma County","Lake Endemic"
"65","Kenya","KEN_1_3","Eastern","KEN_2_16","Machakos","KEN_3_78","Matungulu Sub County","GnixPSqaV6D","Matungulu Sub County","Machakos County","Low Risk","machakos","machakos","machakos","County","Machakos County","Machakos County","Machakos County","Low Risk"
"66","Kenya","KEN_1_4","Central","KEN_2_18","Nyandarua","KEN_3_93","Ndaragwa Sub County","EESGLsSLTqH","Ndaragwa Sub County","Nyandarua County","Low Risk","nyandarua","nyandarua","nyandarua","County","Nyandarua County","Nyandarua County","Nyandarua County","Low Risk"
"67","Kenya","KEN_1_7","Nyanza","KEN_2_41","Siaya","KEN_3_237","Rarieda Sub County","XcRpb1xsM64","Rarieda Sub County","Siaya County","Lake Endemic","siaya vaccine 22","Rarieda","Rarieda","Sub County","Rarieda Sub County","Rarieda Sub County","Siaya County","Lake Endemic"
"68","Kenya","KEN_1_1","Coast","KEN_2_6","Taita Taveta","KEN_3_24","Wundanyi Sub County","AM36DdkZ36Y","Wundanyi Sub County","Taita Taveta County","Coast Endemic","taita taveta","Wundanyi","Wundanyi","Sub County","Wundanyi Sub County","Wundanyi Sub County","Taita Taveta County","Coast Endemic"
"69","Kenya","KEN_1_3","Eastern","KEN_2_17","Makueni","KEN_3_85","Kaiti  Sub County","pKJ4NZGPzTA","Kaiti Sub County","Makueni County","Low Risk","makueni","makueni","makueni","County","Makueni County","Makueni County","Makueni County","Low Risk"
"70","Kenya","KEN_1_3","Eastern","KEN_2_14","Embu","KEN_3_65","Mbeere South  Sub County","AvnM6jKoocs","Mbeere South Sub County","Embu County","Seasonal Transmission","embu","embu","embu","County","Embu County","Embu County","Embu County","Seasonal Transmission"
"71","Kenya","KEN_1_4","Central","KEN_2_19","Nyeri","KEN_3_94","Tetu Sub County","YT3tecc4atw","Tetu Sub County","Nyeri County","Low Risk","nyeri","nyeri","nyeri","County","Nyeri County","Nyeri County","Nyeri County","Low Risk"
"72","Kenya","KEN_1_7","Nyanza","KEN_2_44","Migori","KEN_3_258","Nyatike Sub County","D2lsuEzZAJP","Nyatike Sub County","Migori County","Lake Endemic","migori vaccine 22","Nyatike","Nyatike","Sub County","Nyatike Sub County","Nyatike Sub County","Migori County","Lake Endemic"
"73","Kenya","KEN_1_4","Central","KEN_2_22","Kiambu","KEN_3_111","Gatundu South Sub County","EcRytSSIkUq","Gatundu South Sub County","Kiambu County","Low Risk","kiambu","kiambu","kiambu","County","Kiambu County","Kiambu County","Kiambu County","Low Risk"
"74","Kenya","KEN_1_5","Rift Valley","KEN_2_29","Nandi","KEN_3_153","Nandi East Sub County","W6Err8cQf5J","Nandi East Sub County","Nandi County","Highland Epidemic Prone","nandi","Nandi East","Nandi East","Sub County","Nandi East Sub County","Nandi East Sub County","Nandi County","Highland Epidemic Prone"
"75","Kenya","KEN_1_4","Central","KEN_2_19","Nyeri","KEN_3_96","Mathira East Sub County","vznKK4IegIL","Mathira East Sub County","Nyeri County","Low Risk","nyeri","nyeri","nyeri","County","Nyeri County","Nyeri County","Nyeri County","Low Risk"
"76","Kenya","KEN_1_5","Rift Valley","KEN_2_28","Elgeyo-Marakwet","KEN_3_147","Marakwet East sub-county","EZraJgLdRLX","Marakwet East Sub County","Elgeyo-Marakwet County","Seasonal Transmission","elgeyo-marakwet seasonal","Marakwet East","Marakwet East","Sub County","Marakwet East Sub County","Marakwet East Sub County","Elgeyo-Marakwet County","Seasonal Transmission"
"77","Kenya","KEN_1_5","Rift Valley","KEN_2_34","Kajiado","KEN_3_187","Loitokitok Sub County","eyADpAXM834","Loitokitok Sub County","Kajiado County","Seasonal Transmission","kajiado","kajiado","kajiado","County","Kajiado County","Kajiado County","Kajiado County","Seasonal Transmission"
"78","Kenya","KEN_1_7","Nyanza","KEN_2_45","Kisii","KEN_3_263","Bomachoge Borabu Sub County","ntRK47D5dYL","Bomachoge Borabu Sub County","Kisii County","Highland Epidemic Prone","kisii","Bomachoge Borabu","Bomachoge Borabu","Sub County","Bomachoge Borabu Sub County","Bomachoge Borabu Sub County","Kisii County","Highland Epidemic Prone"
"79","Kenya","KEN_1_5","Rift Valley","KEN_2_31","Laikipia","KEN_3_165","Laikipia North Sub County","RJyUfi5BQUm","Laikipia North Sub County","Laikipia County","Low Risk","laikipia","laikipia","laikipia","County","Laikipia County","Laikipia County","Laikipia County","Low Risk"
"80","Kenya","KEN_1_3","Eastern","KEN_2_15","Kitui","KEN_3_71","Kitui Rural Sub County","vbauk0RRq9N","Kitui Rural Sub County","Kitui County","Seasonal Transmission","kitui","kitui","kitui","County","Kitui County","Kitui County","Kitui County","Seasonal Transmission"
"81","Kenya","KEN_1_5","Rift Valley","KEN_2_27","Uasin Gishu","KEN_3_142","Turbo Sub County","KuprsuBe1l0","Turbo Sub County","Uasin Gishu County","Highland Epidemic Prone","uasin gishu","Turbo","Turbo","Sub County","Turbo Sub County","Turbo Sub County","Uasin Gishu County","Highland Epidemic Prone"
"82","Kenya","KEN_1_8","Nairobi","KEN_2_47","Nairobi","KEN_3_284","Embakasi Central Sub County","XvpLXU47BKs","Embakasi Central Sub County","Nairobi County","Low Risk","nairobi","nairobi","nairobi","County","Nairobi County","Nairobi County","Nairobi County","Low Risk"
"83","Kenya","KEN_1_3","Eastern","KEN_2_16","Machakos","KEN_3_82","Mwala Sub County","fYYivceocJ2","Mwala Sub County","Machakos County","Low Risk","machakos","machakos","machakos","County","Machakos County","Machakos County","Machakos County","Low Risk"
"84","Kenya","KEN_1_5","Rift Valley","KEN_2_26","Trans Nzoia","KEN_3_136","Kwanza  Sub County","ABy8CNqf2e7","Kwanza Sub County","Trans Nzoia County","Highland Epidemic Prone","trans nzoia","Kwanza","Kwanza","Sub County","Kwanza Sub County","Kwanza Sub County","Trans Nzoia County","Highland Epidemic Prone"
"85","Kenya","KEN_1_6","Western","KEN_2_38","Vihiga","KEN_3_211","Vihiga Sub County","OOF3UX4yOt7","Vihiga Sub County","Vihiga County","Lake Endemic","vihiga vaccine 22","Vihiga","Vihiga","Sub County","Vihiga Sub County","Vihiga Sub County","Vihiga County","Lake Endemic"
"86","Kenya","KEN_1_6","Western","KEN_2_39","Bungoma","KEN_3_220","Kanduyi Sub County","CUjthlounWV","Kanduyi Sub County","Bungoma County","Lake Endemic","bungoma vaccine 23","Kanduyi","Kanduyi","Sub County","Kanduyi Sub County","Kanduyi Sub County","Bungoma County","Lake Endemic"
"87","Kenya","KEN_1_8","Nairobi","KEN_2_47","Nairobi","KEN_3_287","Makadara  Sub County","wwROy3Qkwin","Makadara Sub County","Nairobi County","Low Risk","nairobi","nairobi","nairobi","County","Nairobi County","Nairobi County","Nairobi County","Low Risk"
"88","Kenya","KEN_1_5","Rift Valley","KEN_2_31","Laikipia","KEN_3_163","Laikipia West Sub County","pXbWrnFPpKb","Laikipia West Sub County","Laikipia County","Low Risk","laikipia","laikipia","laikipia","County","Laikipia County","Laikipia County","Laikipia County","Low Risk"
"89","Kenya","KEN_1_5","Rift Valley","KEN_2_32","Nakuru","KEN_3_168","Naivasha  Sub County","yZJJPoSGhY6","Naivasha Sub County","Nakuru County","Low Risk","nakuru","nakuru","nakuru","County","Nakuru County","Nakuru County","Nakuru County","Low Risk"
"90","Kenya","KEN_1_5","Rift Valley","KEN_2_35","Kericho","KEN_3_193","Sigowet/Soin Sub County","ScLzA7tQxrH","Sigowet Soin Sub County","Kericho County","Highland Epidemic Prone","kericho","Sigowet Soin","Sigowet Soin","Sub County","Sigowet Soin Sub County","Sigowet Soin Sub County","Kericho County","Highland Epidemic Prone"
"91","Kenya","KEN_1_8","Nairobi","KEN_2_47","Nairobi","KEN_3_285","Embakasi East Sub County","gD4xxgDGJ4Y","Embakasi East Sub County","Nairobi County","Low Risk","nairobi","nairobi","nairobi","County","Nairobi County","Nairobi County","Nairobi County","Low Risk"
"92","Kenya","KEN_1_5","Rift Valley","KEN_2_35","Kericho","KEN_3_191","Bureti Sub County","wt8cPHWfkfu","Bureti Sub County","Kericho County","Highland Epidemic Prone","kericho","Bureti","Bureti","Sub County","Bureti Sub County","Bureti Sub County","Kericho County","Highland Epidemic Prone"
"93","Kenya","KEN_1_4","Central","KEN_2_19","Nyeri","KEN_3_99","Nyeri Central Sub County","GXnD5lHeanK","Nyeri Central Sub County","Nyeri County","Low Risk","nyeri","nyeri","nyeri","County","Nyeri County","Nyeri County","Nyeri County","Low Risk"
"94","Kenya","KEN_1_3","Eastern","KEN_2_10","Marsabit","KEN_3_47","SAKU","WILszL634oZ","Saku Sub County","Marsabit County","Seasonal Transmission","marsabit","marsabit","marsabit","County","Marsabit County","Marsabit County","Marsabit County","Seasonal Transmission"
"95","Kenya","KEN_1_1","Coast","KEN_2_1","Mombasa","KEN_3_1","Changamwe Sub County","OvI6w06DhPJ","Changamwe Sub County","Mombasa County","Coast Endemic","mombasa","Changamwe","Changamwe","Sub County","Changamwe Sub County","Changamwe Sub County","Mombasa County","Coast Endemic"
"96","Kenya","KEN_1_1","Coast","KEN_2_3","Kilifi","KEN_3_13","Kaloleni Sub County","tSKDWoVKiPo","Kaloleni Sub County","Kilifi County","Coast Endemic","kilifi","Kaloleni","Kaloleni","Sub County","Kaloleni Sub County","Kaloleni Sub County","Kilifi County","Coast Endemic"
"97","Kenya","KEN_1_3","Eastern","KEN_2_16","Machakos","KEN_3_80","Athi River Sub County","BxfsSc6Svrc","Athi River Sub County","Machakos County","Low Risk","machakos","machakos","machakos","County","Machakos County","Machakos County","Machakos County","Low Risk"
"98","Kenya","KEN_1_7","Nyanza","KEN_2_45","Kisii","KEN_3_262","South Mugirango Sub County","WHG67QCDRS9","South Mugirango Sub County","Kisii County","Highland Epidemic Prone","kisii","South Mugirango","South Mugirango","Sub County","South Mugirango Sub County","South Mugirango Sub County","Kisii County","Highland Epidemic Prone"
"99","Kenya","KEN_1_3","Eastern","KEN_2_16","Machakos","KEN_3_75","Masinga Sub County","hpcb7MYi6nc","Masinga Sub County","Machakos County","Low Risk","machakos","machakos","machakos","County","Machakos County","Machakos County","Machakos County","Low Risk"
"100","Kenya","KEN_1_1","Coast","KEN_2_3","Kilifi","KEN_3_12","Kilifi South Sub County","xWAZBULwGxp","Kilifi South Sub County","Kilifi County","Coast Endemic","kilifi","Kilifi South","Kilifi South","Sub County","Kilifi South Sub County","Kilifi South Sub County","Kilifi County","Coast Endemic"
"101","Kenya","KEN_1_7","Nyanza","KEN_2_43","Homa Bay","KEN_3_248","Rangwe Sub County","iK2Jk2AxhlD","Rangwe Sub County","Homa Bay County","Lake Endemic","homa bay","Rangwe","Rangwe","Sub County","Rangwe Sub County","Rangwe Sub County","Homa Bay County","Lake Endemic"
"102","Kenya","KEN_1_4","Central","KEN_2_20","Kirinyaga","KEN_3_101","Kirinyaga East Sub County","yOaHQLOLd1H","Kirinyaga East Sub County","Kirinyaga County","Low Risk","kirinyaga","kirinyaga","kirinyaga","County","Kirinyaga County","Kirinyaga East / West / Central","Kirinyaga County","Low Risk"
"103","Kenya","KEN_1_1","Coast","KEN_2_1","Mombasa","KEN_3_2","Jomvu  Sub County","vSISrsNNHwq","Jomvu Sub County","Mombasa County","Coast Endemic","mombasa","Jomvu","Jomvu","Sub County","Jomvu Sub County","Jomvu Sub County","Mombasa County","Coast Endemic"
"104","Kenya","KEN_1_6","Western","KEN_2_40","Busia","KEN_3_228","Matayos Sub County","tvkI2HSIRW9","Matayos Sub County","Busia County","Lake Endemic","busia vaccine 23","Matayos","Matayos","Sub County","Matayos Sub County","Matayos Sub County","Busia County","Lake Endemic"
"105","Kenya","KEN_1_2","North Eastern","KEN_2_7","Garissa","KEN_3_27","Garissa Sub County","lQkHbTC1iRg","Garissa Sub County","Garissa County","Seasonal Transmission","garissa","garissa","garissa","County","Garissa County","Garissa County","Garissa County","Seasonal Transmission"
"106","Kenya","KEN_1_2","North Eastern","KEN_2_7","Garissa","KEN_3_30","Dadaab Sub County","EW4Jw4dVWBt","Dadaab Sub County","Garissa County","Seasonal Transmission","garissa","garissa","garissa","County","Garissa County","Garissa County","Garissa County","Seasonal Transmission"
"107","Kenya","KEN_1_4","Central","KEN_2_19","Nyeri","KEN_3_98","Mukurweini Sub County","zT8Zj5vNYCy","Mukurweini Sub County","Nyeri County","Low Risk","nyeri","nyeri","nyeri","County","Nyeri County","Nyeri County","Nyeri County","Low Risk"
"108","Kenya","KEN_1_1","Coast","KEN_2_1","Mombasa","KEN_3_4","Nyali  Sub County","sr8WEz03EnP","Nyali Sub County","Mombasa County","Coast Endemic","mombasa","Nyali","Nyali","Sub County","Nyali Sub County","Nyali Sub County","Mombasa County","Coast Endemic"
"109","Kenya","KEN_1_3","Eastern","KEN_2_14","Embu","KEN_3_64","Runyenjes  Sub County","kMSLkN4nsRl","Runyenjes Sub County","Embu County","Seasonal Transmission","embu","embu","embu","County","Embu County","Embu County","Embu County","Seasonal Transmission"
"110","Kenya","KEN_1_6","Western","KEN_2_38","Vihiga","KEN_3_213","Hamisi Sub County","BXaq5PxSfz2","Hamisi Sub County","Vihiga County","Lake Endemic","vihiga vaccine 23","Hamisi","Hamisi","Sub County","Hamisi Sub County","Hamisi Sub County","Vihiga County","Lake Endemic"
"111","Kenya","KEN_1_7","Nyanza","KEN_2_41","Siaya","KEN_3_235","Gem Sub County","PKeFksHlJkB","Gem Sub County","Siaya County","Lake Endemic","siaya vaccine 22","Gem","Gem","Sub County","Gem Sub County","Gem Sub County","Siaya County","Lake Endemic"
"112","Kenya","KEN_1_3","Eastern","KEN_2_17","Makueni","KEN_3_83","Mbooni  Sub County","jxjGWCdfsib","Mbooni Sub County","Makueni County","Low Risk","makueni","makueni","makueni","County","Makueni County","Makueni County","Makueni County","Low Risk"
"113","Kenya","KEN_1_4","Central","KEN_2_22","Kiambu","KEN_3_115","Ruiru Sub County","TPRNJqSm4lK","Ruiru Sub County","Kiambu County","Low Risk","kiambu","kiambu","kiambu","County","Kiambu County","Kiambu County","Kiambu County","Low Risk"
"114","Kenya","KEN_1_5","Rift Valley","KEN_2_23","Turkana","KEN_3_124","Turkana West Sub County","HK5SUCMQmsw","Turkana West Sub County","Turkana County","Seasonal Transmission","turkana seasonal","Turkana West","Turkana West","Sub County","Turkana West Sub County","Turkana West Sub County","Turkana County","Seasonal Transmission"
"115","Kenya","KEN_1_5","Rift Valley","KEN_2_24","West Pokot","KEN_3_132","Pokot South Sub County","u2zJahNiSP5","Pokot South Sub County","West Pokot County","Highland Epidemic Prone","west pokot","Pokot South","Pokot South","Sub County","Pokot South Sub County","Pokot South Sub County","West Pokot County","Highland Epidemic Prone"
"116","Kenya","KEN_1_5","Rift Valley","KEN_2_36","Bomet","KEN_3_197","Bomet Central Sub County","m9gdonbVXjZ","Bomet Central Sub County","Bomet County","Highland Epidemic Prone","bomet","Bomet Central","Bomet Central","Sub County","Bomet Central Sub County","Bomet Central Sub County","Bomet County","Highland Epidemic Prone"
"117","Kenya","KEN_1_5","Rift Valley","KEN_2_32","Nakuru","KEN_3_176","Nakuru East  Sub County","FBJ9Y11esHS","Nakuru East Sub County","Nakuru County","Low Risk","nakuru","nakuru","nakuru","County","Nakuru County","Nakuru County","Nakuru County","Low Risk"
"118","Kenya","KEN_1_4","Central","KEN_2_22","Kiambu","KEN_3_118","Kiambaa Sub County","oMaQgNIs85x","Kiambaa Sub County","Kiambu County","Low Risk","kiambu","kiambu","kiambu","County","Kiambu County","Kiambu County","Kiambu County","Low Risk"
"119","Kenya","KEN_1_4","Central","KEN_2_21","Muranga","KEN_3_108","Muranga South Sub County","l46g2PZUjoh","Muranga South Sub County","Muranga County","Low Risk","muranga","muranga","muranga","County","Muranga County","Muranga County","Muranga County","Low Risk"
"120","Kenya","KEN_1_6","Western","KEN_2_37","Kakamega","KEN_3_208","Khwisero Sub County","UhQS2Mv0PCK","Khwisero Sub County","Kakamega County","Lake Endemic","kakamega vaccine 22","Khwisero","Khwisero","Sub County","Khwisero Sub County","Khwisero Sub County","Kakamega County","Lake Endemic"
"121","Kenya","KEN_1_2","North Eastern","KEN_2_7","Garissa","KEN_3_31","Fafi Sub County","RScEHA3V38d","Fafi Sub County","Garissa County","Seasonal Transmission","garissa","garissa","garissa","County","Garissa County","Garissa County","Garissa County","Seasonal Transmission"
"122","Kenya","KEN_1_1","Coast","KEN_2_3","Kilifi","KEN_3_17","Magarini Sub County","KMWrMZrlO5u","Magarini Sub County","Kilifi County","Coast Endemic","kilifi","Magarini","Magarini","Sub County","Magarini Sub County","Magarini Sub County","Kilifi County","Coast Endemic"
"123","Kenya","KEN_1_7","Nyanza","KEN_2_41","Siaya","KEN_3_233","Ugunja Sub County","m9nsQ1MXlVU","Ugunja Sub County","Siaya County","Lake Endemic","siaya vaccine 23","Ugunja","Ugunja","Sub County","Ugunja Sub County","Ugunja Sub County","Siaya County","Lake Endemic"
"124","Kenya","KEN_1_5","Rift Valley","KEN_2_28","Elgeyo-Marakwet","KEN_3_150","Keiyo South Sub County","SOEG546PqbA","Keiyo South Sub County","Elgeyo-Marakwet County","Highland Epidemic Prone","elgeyo-marakwet","Keiyo South","Keiyo South","Sub County","Keiyo South Sub County","Keiyo South Sub County","Elgeyo-Marakwet County","Highland Epidemic Prone"
"125","Kenya","KEN_1_3","Eastern","KEN_2_14","Embu","KEN_3_63","Manyatta  Sub County","IPOMRXiYjxr","Manyatta Sub County","Embu County","Low Risk","embu","embu","embu","County","Embu County","Embu County","Embu County","Seasonal Transmission"
"126","Kenya","KEN_1_4","Central","KEN_2_20","Kirinyaga","KEN_3_102","Kirinyaga West Sub County","A34NiI4rgnf","Kirinyaga West Sub County","Kirinyaga County","Low Risk","kirinyaga","kirinyaga","kirinyaga","County","Kirinyaga County","Kirinyaga East / West / Central","Kirinyaga County","Low Risk"
"127","Kenya","KEN_1_3","Eastern","KEN_2_15","Kitui","KEN_3_73","Kitui East Sub County","d0Gu8FrRM0Y","Kitui East Sub County","Kitui County","Seasonal Transmission","kitui","kitui","kitui","County","Kitui County","Kitui County","Kitui County","Seasonal Transmission"
"128","Kenya","KEN_1_5","Rift Valley","KEN_2_29","Nandi","KEN_3_151","Tinderet Sub County","NPYRMdqrK6L","Tinderet Sub County","Nandi County","Highland Epidemic Prone","nandi","Tinderet","Tinderet","Sub County","Tinderet Sub County","Tinderet Sub County","Nandi County","Highland Epidemic Prone"
"129","Kenya","KEN_1_1","Coast","KEN_2_6","Taita Taveta","KEN_3_26","Voi Sub County","yoGLpCTgjed","Voi Sub County","Taita Taveta County","Coast Endemic","taita taveta","Voi","Voi","Sub County","Voi Sub County","Voi Sub County","Taita Taveta County","Coast Endemic"
"130","Kenya","KEN_1_5","Rift Valley","KEN_2_33","Narok","KEN_3_178","Transmara East Sub County","PGTkGnIAZuy","Transmara East Sub County","Narok County","Highland Epidemic Prone","narok","Transmara East","Transmara East","Sub County","Transmara East Sub County","Transmara East Sub County","Narok County","Highland Epidemic Prone"
"131","Kenya","KEN_1_2","North Eastern","KEN_2_9","Mandera","KEN_3_43","MANDERA EAST","fGr9rRvaovO","Mandera East Sub County","Mandera County","Seasonal Transmission","mandera","mandera","mandera","County","Mandera County","Mandera County","Mandera County","Seasonal Transmission"
"132","Kenya","KEN_1_7","Nyanza","KEN_2_45","Kisii","KEN_3_268","Kitutu Chache North Sub County","cQkF9l9wePP","Kitutu Chache North Sub County","Kisii County","Highland Epidemic Prone","kisii","Kitutu Chache North","Kitutu Chache North","Sub County","Kitutu Chache North Sub County","Kitutu Chache North Sub County","Kisii County","Highland Epidemic Prone"
"133","Kenya","KEN_1_5","Rift Valley","KEN_2_24","West Pokot","KEN_3_131","Pokot North Sub County","YXpHG1Ez8V2","Pokot North Sub County","West Pokot County","Seasonal Transmission","west pokot seasonal","Pokot North","Pokot North","Sub County","Pokot North Sub County","Pokot North Sub County","West Pokot County","Seasonal Transmission"
"134","Kenya","KEN_1_1","Coast","KEN_2_6","Taita Taveta","KEN_3_23","Taveta Sub County","jNzRdAwjaQ1","Taveta Sub County","Taita Taveta County","Coast Endemic","taita taveta","Taveta","Taveta","Sub County","Taveta Sub County","Taveta Sub County","Taita Taveta County","Coast Endemic"
"135","Kenya","KEN_1_2","North Eastern","KEN_2_8","Wajir","KEN_3_34","Wajir East Sub County","uov0yFMw9Qm","Wajir East Sub County","Wajir County","Seasonal Transmission","wajir","wajir","wajir","County","Wajir County","Wajir County","Wajir County","Seasonal Transmission"
"136","Kenya","KEN_1_3","Eastern","KEN_2_10","Marsabit","KEN_3_45","MOYALE","sZjPgbWI5ra","Moyale Sub County","Marsabit County","Seasonal Transmission","marsabit","marsabit","marsabit","County","Marsabit County","Marsabit County","Marsabit County","Seasonal Transmission"
"137","Kenya","KEN_1_3","Eastern","KEN_2_12","Meru","KEN_3_59","Imenti South Sub County","AFIlzKNxXST","Imenti South Sub County","Meru County","Low Risk","meru","meru","meru","County","Meru County","Meru County","Meru County","Low Risk"
"138","Kenya","KEN_1_5","Rift Valley","KEN_2_36","Bomet","KEN_3_198","Konoin Sub County","PLFoYJO8MVS","Konoin Sub County","Bomet County","Highland Epidemic Prone","bomet","Konoin","Konoin","Sub County","Konoin Sub County","Konoin Sub County","Bomet County","Highland Epidemic Prone"
"139","Kenya","KEN_1_4","Central","KEN_2_22","Kiambu","KEN_3_117","Kiambu Town Sub County","SBz4c48i24Y","Kiambu Town Sub County","Kiambu County","Low Risk","kiambu","kiambu","kiambu","County","Kiambu County","Kiambu County","Kiambu County","Low Risk"
"140","Kenya","KEN_1_5","Rift Valley","KEN_2_34","Kajiado","KEN_3_185","Kajiado East Sub County","g6gTzQ5nfYq","Kajiado East Sub County","Kajiado County","Seasonal Transmission","kajiado","kajiado","kajiado","County","Kajiado County","Kajiado County","Kajiado County","Seasonal Transmission"
"141","Kenya","KEN_1_5","Rift Valley","KEN_2_32","Nakuru","KEN_3_174","Nakuru North  Sub County","nwh9bXKykiS","Nakuru North Sub County","Nakuru County","Low Risk","nakuru","nakuru","nakuru","County","Nakuru County","Nakuru County","Nakuru County","Low Risk"
"142","Kenya","KEN_1_5","Rift Valley","KEN_2_26","Trans Nzoia","KEN_3_139","Kiminini  Sub County","pzZHpL2ueIn","Kiminini Sub County","Trans Nzoia County","Highland Epidemic Prone","trans nzoia","Kiminini","Kiminini","Sub County","Kiminini Sub County","Kiminini Sub County","Trans Nzoia County","Highland Epidemic Prone"
"143","Kenya","KEN_1_5","Rift Valley","KEN_2_32","Nakuru","KEN_3_172","Subukia  Sub County","zQEuNRaPYgE","Subukia Sub County","Nakuru County","Low Risk","nakuru","nakuru","nakuru","County","Nakuru County","Nakuru County","Nakuru County","Low Risk"
"144","Kenya","KEN_1_5","Rift Valley","KEN_2_25","Samburu","KEN_3_133","Samburu Central Sub County","EmQRGVtvWy3","Samburu Central Sub County","Samburu County","Seasonal Transmission","samburu","samburu","samburu","County","Samburu County","Samburu County","Samburu County","Seasonal Transmission"
"145","Kenya","KEN_1_4","Central","KEN_2_21","Muranga","KEN_3_106","Kiharu Sub County","VDlzh6w4LKv","Kiharu Sub County","Muranga County","Low Risk","muranga","muranga","muranga","County","Muranga County","Muranga County","Muranga County","Low Risk"
"146","Kenya","KEN_1_2","North Eastern","KEN_2_9","Mandera","KEN_3_39","MANDERA WEST","H5RvDZkoDJL","Mandera West Sub County","Mandera County","Seasonal Transmission","mandera","mandera","mandera","County","Mandera County","Mandera County","Mandera County","Seasonal Transmission"
"147","Kenya","KEN_1_5","Rift Valley","KEN_2_24","West Pokot","KEN_3_129","West Pokot Sub County","ylWg6VvADJE","West Pokot Sub County","West Pokot County","Highland Epidemic Prone","west pokot","West Pokot","West Pokot","Sub County","West Pokot Sub County","West Pokot Sub County","West Pokot County","Highland Epidemic Prone"
"148","Kenya","KEN_1_1","Coast","KEN_2_2","Kwale","KEN_3_8","Lunga Lunga Sub County","TdcYaufNV4p","Lunga Lunga Sub County","Kwale County","Coast Endemic","kwale","Lunga Lunga","Lunga Lunga","Sub County","Lunga Lunga Sub County","Lunga Lunga Sub County","Kwale County","Coast Endemic"
"149","Kenya","KEN_1_7","Nyanza","KEN_2_44","Migori","KEN_3_253","Rongo Sub County","fT37q3rXQ35","Rongo Sub County","Migori County","Lake Endemic","migori vaccine 23","Rongo","Rongo","Sub County","Rongo Sub County","Rongo Sub County","Migori County","Lake Endemic"
"150","Kenya","KEN_1_8","Nairobi","KEN_2_47","Nairobi","KEN_3_281","Ruaraka  Sub County","Cc8uEFkzfVf","Ruaraka Sub County","Nairobi County","Low Risk","nairobi","nairobi","nairobi","County","Nairobi County","Nairobi County","Nairobi County","Low Risk"
"151","Kenya","KEN_1_6","Western","KEN_2_37","Kakamega","KEN_3_200","Likuyani Sub County","wMv0s3U2nnG","Likuyani Sub County","Kakamega County","Highland Epidemic Prone","kakamega","Likuyani","Likuyani","Sub County","Likuyani Sub County","Likuyani Sub County","Kakamega County","Highland Epidemic Prone"
"152","Kenya","KEN_1_6","Western","KEN_2_37","Kakamega","KEN_3_209","Shinyalu Sub County","sjlSPeRgl7d","Shinyalu Sub County","Kakamega County","Lake Endemic","kakamega vaccine 23","Shinyalu","Shinyalu","Sub County","Shinyalu Sub County","Shinyalu Sub County","Kakamega County","Lake Endemic"
"153","Kenya","KEN_1_7","Nyanza","KEN_2_41","Siaya","KEN_3_236","Bondo Sub County","JNvqpOnKfGR","Bondo Sub County","Siaya County","Lake Endemic","siaya vaccine 23","Bondo","Bondo","Sub County","Bondo Sub County","Bondo Sub County","Siaya County","Lake Endemic"
"154","Kenya","KEN_1_2","North Eastern","KEN_2_9","Mandera","KEN_3_41","MANDERA NORTH","jrm0uyLXnC1","Mandera North Sub County","Mandera County","Seasonal Transmission","mandera","mandera","mandera","County","Mandera County","Mandera County","Mandera County","Seasonal Transmission"
"155","Kenya","KEN_1_2","North Eastern","KEN_2_8","Wajir","KEN_3_35","Tarbaj Sub County","fmNokBURXjM","Tarbaj Sub County","Wajir County","Seasonal Transmission","wajir","wajir","wajir","County","Wajir County","Wajir County","Wajir County","Seasonal Transmission"
"156","Kenya","KEN_1_7","Nyanza","KEN_2_43","Homa Bay","KEN_3_252","Suba Sub County","HoRW5aISmiD","Suba Sub County","Homa Bay County","Lake Endemic","homa bay","Suba","Suba","Sub County","Suba Sub County","Suba Sub County","Homa Bay County","Lake Endemic"
"157","Kenya","KEN_1_7","Nyanza","KEN_2_44","Migori","KEN_3_259","Kuria West Sub County","jtBjNpL9FXS","Kuria West Sub County","Migori County","Lake Endemic","migori no irs","Kuria West","Kuria West","Sub County","Kuria West Sub County","Kuria West Sub County","Migori County","Lake Endemic"
"158","Kenya","KEN_1_5","Rift Valley","KEN_2_27","Uasin Gishu","KEN_3_146","Kesses Sub County","dKHnvt7gleN","Kesses Sub County","Uasin Gishu County","Highland Epidemic Prone","uasin gishu","Kesses","Kesses","Sub County","Kesses Sub County","Kesses Sub County","Uasin Gishu County","Highland Epidemic Prone"
"159","Kenya","KEN_1_8","Nairobi","KEN_2_47","Nairobi","KEN_3_290","Mathare  Sub County","gh2kzpOFCeF","Mathare Sub County","Nairobi County","Low Risk","nairobi","nairobi","nairobi","County","Nairobi County","Nairobi County","Nairobi County","Low Risk"
"160","Kenya","KEN_1_1","Coast","KEN_2_2","Kwale","KEN_3_7","Msambweni Sub County","ADMywdLwoRX","Msambweni Sub County","Kwale County","Coast Endemic","kwale","Msambweni","Msambweni","Sub County","Msambweni Sub County","Msambweni Sub County","Kwale County","Coast Endemic"
"161","Kenya","KEN_1_5","Rift Valley","KEN_2_33","Narok","KEN_3_181","Narok South Sub County","bnYzgzYe2Z7","Narok South Sub County","Narok County","Highland Epidemic Prone","narok","Narok South","Narok South","Sub County","Narok South Sub County","Narok South Sub County","Narok County","Highland Epidemic Prone"
"162","Kenya","KEN_1_8","Nairobi","KEN_2_47","Nairobi","KEN_3_280","Kasarani  Sub County","FoqzDgIByL6","Kasarani Sub County","Nairobi County","Low Risk","nairobi","nairobi","nairobi","County","Nairobi County","Nairobi County","Nairobi County","Low Risk"
"163","Kenya","KEN_1_4","Central","KEN_2_21","Muranga","KEN_3_104","Kangema Sub County","U9CLTNIwehR","Kangema Sub County","Muranga County","Low Risk","muranga","muranga","muranga","County","Muranga County","Muranga County","Muranga County","Low Risk"
"164","Kenya","KEN_1_5","Rift Valley","KEN_2_24","West Pokot","KEN_3_130","Pokot Central Sub County","SCbMzaOeTuR","Pokot Central Sub County","West Pokot County","Seasonal Transmission","west pokot seasonal","Pokot Central","Pokot Central","Sub County","Pokot Central Sub County","Pokot Central Sub County","West Pokot County","Seasonal Transmission"
"165","Kenya","KEN_1_7","Nyanza","KEN_2_44","Migori","KEN_3_254","Awendo Sub County","ka9Uv3Ckcbd","Awendo Sub County","Migori County","Lake Endemic","migori vaccine 22","Awendo","Awendo","Sub County","Awendo Sub County","Awendo Sub County","Migori County","Lake Endemic"
"166","Kenya","KEN_1_8","Nairobi","KEN_2_47","Nairobi","KEN_3_277","Langata  Sub County","aTGYlhEw2Xx","Langata Sub County","Nairobi County","Low Risk","nairobi","nairobi","nairobi","County","Nairobi County","Nairobi County","Nairobi County","Low Risk"
"167","Kenya","KEN_1_5","Rift Valley","KEN_2_29","Nandi","KEN_3_156","Mosop Sub County","Xtb7tbJpk9p","Mosop Sub County","Nandi County","Highland Epidemic Prone","nandi","Mosop","Mosop","Sub County","Mosop Sub County","Mosop Sub County","Nandi County","Highland Epidemic Prone"
"168","Kenya","KEN_1_1","Coast","KEN_2_4","Tana River","KEN_3_19","Galole Sub County","A4SNYCxrrnv","Galole Sub County","Tana River County","Seasonal Transmission","tana river","tana river","tana river","County","Tana River County","Tana River County","Tana River County","Seasonal Transmission"
"169","Kenya","KEN_1_1","Coast","KEN_2_3","Kilifi","KEN_3_16","Malindi Sub County","lGg3wEy784X","Malindi Sub County","Kilifi County","Coast Endemic","kilifi","Malindi","Malindi","Sub County","Malindi Sub County","Malindi Sub County","Kilifi County","Coast Endemic"
"170","Kenya","KEN_1_5","Rift Valley","KEN_2_34","Kajiado","KEN_3_184","Kajiado Central Sub County","SZapM1R0Kti","Kajiado Central Sub County","Kajiado County","Seasonal Transmission","kajiado","kajiado","kajiado","County","Kajiado County","Kajiado County","Kajiado County","Seasonal Transmission"
"171","Kenya","KEN_1_8","Nairobi","KEN_2_47","Nairobi","KEN_3_288","Kamukunji  Sub County","qoLIT7y5f5c","Kamukunji Sub County","Nairobi County","Low Risk","nairobi","nairobi","nairobi","County","Nairobi County","Nairobi County","Nairobi County","Low Risk"
"172","Kenya","KEN_1_5","Rift Valley","KEN_2_28","Elgeyo-Marakwet","KEN_3_149","Keiyo North Sub County","rlWH0Ac9vjc","Keiyo North Sub County","Elgeyo-Marakwet County","Seasonal Transmission","elgeyo-marakwet seasonal","Keiyo North","Keiyo North","Sub County","Keiyo North Sub County","Keiyo North Sub County","Elgeyo-Marakwet County","Seasonal Transmission"
"173","Kenya","KEN_1_3","Eastern","KEN_2_14","Embu","KEN_3_66","Mbeere North  Sub County","eYBXetGx8xF","Mbeere North Sub County","Embu County","Seasonal Transmission","embu","embu","embu","County","Embu County","Embu County","Embu County","Seasonal Transmission"
"174","Kenya","KEN_1_7","Nyanza","KEN_2_45","Kisii","KEN_3_269","Kitutu Chache South Sub County","gPR82w2xgJZ","Kitutu Chache South Sub County","Kisii County","Highland Epidemic Prone","kisii","Kitutu Chache South","Kitutu Chache South","Sub County","Kitutu Chache South Sub County","Kitutu Chache South Sub County","Kisii County","Highland Epidemic Prone"
"175","Kenya","KEN_1_1","Coast","KEN_2_6","Taita Taveta","KEN_3_25","Mwatate Sub County","IBDoGsLdhvt","Mwatate Sub County","Taita Taveta County","Coast Endemic","taita taveta","Mwatate","Mwatate","Sub County","Mwatate Sub County","Mwatate Sub County","Taita Taveta County","Coast Endemic"
"176","Kenya","KEN_1_7","Nyanza","KEN_2_45","Kisii","KEN_3_264","Bobasi Sub County","cooDDG3Lh3A","Bobasi Sub County","Kisii County","Highland Epidemic Prone","kisii","Bobasi","Bobasi","Sub County","Bobasi Sub County","Bobasi Sub County","Kisii County","Highland Epidemic Prone"
"177","Kenya","KEN_1_5","Rift Valley","KEN_2_25","Samburu","KEN_3_134","Samburu North Sub County","E2DGjZRlwbY","Samburu North Sub County","Samburu County","Seasonal Transmission","samburu","samburu","samburu","County","Samburu County","Samburu County","Samburu County","Seasonal Transmission"
"178","Kenya","KEN_1_6","Western","KEN_2_37","Kakamega","KEN_3_202","Lurambi Sub County","Y3NjAhiBaZT","Lurambi Sub County","Kakamega County","Lake Endemic","kakamega vaccine 23","Lurambi","Lurambi","Sub County","Lurambi Sub County","Lurambi Sub County","Kakamega County","Lake Endemic"
"179","Kenya","KEN_1_3","Eastern","KEN_2_12","Meru","KEN_3_57","Buuri Sub County","xN5aPo4ZOIt","Buuri Sub County","Meru County","Low Risk","meru","meru","meru","County","Meru County","Meru County","Meru County","Low Risk"
"180","Kenya","KEN_1_7","Nyanza","KEN_2_45","Kisii","KEN_3_266","Nyaribari Masaba Sub County","A6Sj8RumZ0m","Nyaribari Masaba Sub County","Kisii County","Highland Epidemic Prone","kisii","Nyaribari Masaba","Nyaribari Masaba","Sub County","Nyaribari Masaba Sub County","Nyaribari Masaba Sub County","Kisii County","Highland Epidemic Prone"
"181","Kenya","KEN_1_3","Eastern","KEN_2_15","Kitui","KEN_3_74","Kitui South Sub County","d3hSQ3EtnPk","Kitui South Sub County","Kitui County","Seasonal Transmission","kitui","kitui","kitui","County","Kitui County","Kitui County","Kitui County","Seasonal Transmission"
"182","Kenya","KEN_1_1","Coast","KEN_2_4","Tana River","KEN_3_20","Bura Sub County","yWPcTwGwQ2B","Bura Sub County","Tana River County","Seasonal Transmission","tana river","tana river","tana river","County","Tana River County","Tana River County","Tana River County","Seasonal Transmission"
"183","Kenya","KEN_1_7","Nyanza","KEN_2_46","Nyamira","KEN_3_272","Nyamira North Sub County","v5qbFUgfIoF","Nyamira North Sub County","Nyamira County","Highland Epidemic Prone","nyamira","Nyamira North","Nyamira North","Sub County","Nyamira North Sub County","Nyamira North Sub County","Nyamira County","Highland Epidemic Prone"
"184","Kenya","KEN_1_7","Nyanza","KEN_2_43","Homa Bay","KEN_3_246","Kabondo Kasipul Sub County","BzFBYZhF5fx","Kabondo Kasipul Sub County","Homa Bay County","Lake Endemic","homa bay vaccine 22","Kabondo Kasipul","Kabondo Kasipul","Sub County","Kabondo Kasipul Sub County","Kabondo Kasipul Sub County","Homa Bay County","Lake Endemic"
"185","Kenya","KEN_1_2","North Eastern","KEN_2_7","Garissa","KEN_3_28","Balambala Sub County","FGBNPr91pXH","Balambala Sub County","Garissa County","Seasonal Transmission","garissa","garissa","garissa","County","Garissa County","Garissa County","Garissa County","Seasonal Transmission"
"186","Kenya","KEN_1_7","Nyanza","KEN_2_42","Kisumu","KEN_3_243","Muhoroni Sub County","NmbwkQ5r5cB","Muhoroni Sub County","Kisumu County","Lake Endemic","kisumu vaccine 22","Muhoroni","Muhoroni","Sub County","Muhoroni Sub County","Muhoroni Sub County","Kisumu County","Lake Endemic"
"187","Kenya","KEN_1_7","Nyanza","KEN_2_41","Siaya","KEN_3_232","Ugenya Sub County","InECuIlzJGx","Ugenya Sub County","Siaya County","Lake Endemic","siaya vaccine 22","Ugenya","Ugenya","Sub County","Ugenya Sub County","Ugenya Sub County","Siaya County","Lake Endemic"
"188","Kenya","KEN_1_5","Rift Valley","KEN_2_27","Uasin Gishu","KEN_3_145","Kapseret Sub County","u9yagZzK49q","Kapseret Sub County","Uasin Gishu County","Highland Epidemic Prone","uasin gishu","Kapseret","Kapseret","Sub County","Kapseret Sub County","Kapseret Sub County","Uasin Gishu County","Highland Epidemic Prone"
"189","Kenya","KEN_1_2","North Eastern","KEN_2_7","Garissa","KEN_3_29","Lagdera Sub County","J69iWev2zwu","Lagdera Sub County","Garissa County","Seasonal Transmission","garissa","garissa","garissa","County","Garissa County","Garissa County","Garissa County","Seasonal Transmission"
"190","Kenya","KEN_1_7","Nyanza","KEN_2_43","Homa Bay","KEN_3_245","Kasipul Sub County","NhsAMiaS0TD","Kasipul Sub County","Homa Bay County","Lake Endemic","homa bay","Kasipul","Kasipul","Sub County","Kasipul Sub County","Kasipul Sub County","Homa Bay County","Lake Endemic"
"191","Kenya","KEN_1_4","Central","KEN_2_19","Nyeri","KEN_3_95","Kieni East Sub County","YXt5ETQPRlB","Kieni East Sub County","Nyeri County","Low Risk","nyeri","nyeri","nyeri","County","Nyeri County","Nyeri County","Nyeri County","Low Risk"
"192","Kenya","KEN_1_3","Eastern","KEN_2_16","Machakos","KEN_3_77","Kangundo Sub County","vMPhBuymSKt","Kangundo Sub County","Machakos County","Low Risk","machakos","machakos","machakos","County","Machakos County","Machakos County","Machakos County","Low Risk"
"193","Kenya","KEN_1_6","Western","KEN_2_39","Bungoma","KEN_3_216","Mt Elgon Sub County","ZCYATXdLsL1","Mt Elgon Sub County","Bungoma County","Highland Epidemic Prone","bungoma","Mt Elgon","Mt Elgon","Sub County","Mt Elgon Sub County","Mt Elgon Sub County","Bungoma County","Highland Epidemic Prone"
"194","Kenya","KEN_1_6","Western","KEN_2_40","Busia","KEN_3_225","Teso North Sub County","GpEIlwz3FvT","Teso North Sub County","Busia County","Lake Endemic","busia vaccine 23","Teso North","Teso North","Sub County","Teso North Sub County","Teso North Sub County","Busia County","Lake Endemic"
"195","Kenya","KEN_1_3","Eastern","KEN_2_11","Isiolo",NA,"Merti Sub County","NrGORu301bx","Merti Sub County","Isiolo County","Seasonal Transmission","isiolo","isiolo","isiolo","County","Isiolo County","Isiolo County","Isiolo County","Seasonal Transmission"
"196","Kenya","KEN_1_5","Rift Valley","KEN_2_30","Baringo","KEN_3_160","Marigat Sub County","dSLnPmNlm8Q","Marigat Sub County","Baringo County","Seasonal Transmission","baringo seasonal","Marigat","Marigat","Sub County","Marigat Sub County","Marigat Sub County","Baringo County","Seasonal Transmission"
"197","Kenya","KEN_1_4","Central","KEN_2_20","Kirinyaga","KEN_3_103","Kirinyaga Central Sub County","JKNaaTjVapG","Kirinyaga Central Sub County","Kirinyaga County","Low Risk","kirinyaga","kirinyaga","kirinyaga","County","Kirinyaga County","Kirinyaga East / West / Central","Kirinyaga County","Low Risk"
"198","Kenya","KEN_1_5","Rift Valley","KEN_2_26","Trans Nzoia","KEN_3_137","Endebess Sub County","PsjxYLsJSIp","Endebess Sub County","Trans Nzoia County","Highland Epidemic Prone","trans nzoia","Endebess","Endebess","Sub County","Endebess Sub County","Endebess Sub County","Trans Nzoia County","Highland Epidemic Prone"
"199","Kenya","KEN_1_7","Nyanza","KEN_2_42","Kisumu","KEN_3_238","Kisumu East Sub County","PRpKwAloU5b","Kisumu East Sub County","Kisumu County","Lake Endemic","kisumu vaccine 22","Kisumu East","Kisumu East","Sub County","Kisumu East Sub County","Kisumu East Sub County","Kisumu County","Lake Endemic"
"200","Kenya","KEN_1_3","Eastern","KEN_2_10","Marsabit","KEN_3_48","LAISAMIS","eZpy65ooW0m","Laisamis Sub County","Marsabit County","Seasonal Transmission","marsabit","marsabit","marsabit","County","Marsabit County","Marsabit County","Marsabit County","Seasonal Transmission"
"201","Kenya","KEN_1_2","North Eastern","KEN_2_9","Mandera","KEN_3_44","LAFEY","nsfbHBS9tMT","Lafey Sub County","Mandera County","Seasonal Transmission","mandera","mandera","mandera","County","Mandera County","Mandera County","Mandera County","Seasonal Transmission"
"202","Kenya","KEN_1_5","Rift Valley","KEN_2_36","Bomet","KEN_3_196","Bomet East Sub County","OZNRpww2TUK","Bomet East Sub County","Bomet County","Highland Epidemic Prone","bomet","Bomet East","Bomet East","Sub County","Bomet East Sub County","Bomet East Sub County","Bomet County","Highland Epidemic Prone"
"203","Kenya","KEN_1_5","Rift Valley","KEN_2_25","Samburu","KEN_3_135","Samburu East Sub County","ldZ10N9unC9","Samburu East Sub County","Samburu County","Seasonal Transmission","samburu","samburu","samburu","County","Samburu County","Samburu County","Samburu County","Seasonal Transmission"
"204","Kenya","KEN_1_4","Central","KEN_2_20","Kirinyaga",NA,"Kirinyaga South Sub County","jHmpQUlnkQk","Kirinyaga South Sub County","Kirinyaga County","Low Risk","kirinyaga itn","kirinyaga","kirinyaga itn","County","Kirinyaga County","Kirinyaga North /South","Kirinyaga County","Low Risk"
"205","Kenya","KEN_1_8","Nairobi","KEN_2_47","Nairobi","KEN_3_274","Westlands  Sub County","f1T0Ltob8VQ","Westlands Sub County","Nairobi County","Low Risk","nairobi","nairobi","nairobi","County","Nairobi County","Nairobi County","Nairobi County","Low Risk"
"206","Kenya","KEN_1_6","Western","KEN_2_38","Vihiga","KEN_3_212","Sabatia Sub County","urtJSF5jcBC","Sabatia Sub County","Vihiga County","Lake Endemic","vihiga vaccine 23","Sabatia","Sabatia","Sub County","Sabatia Sub County","Sabatia Sub County","Vihiga County","Lake Endemic"
"207","Kenya","KEN_1_5","Rift Valley","KEN_2_32","Nakuru","KEN_3_169","Gilgil Sub County","hBU8B1KI12P","Gilgil Sub County","Nakuru County","Low Risk","nakuru","nakuru","nakuru","County","Nakuru County","Nakuru County","Nakuru County","Low Risk"
"208","Kenya","KEN_1_1","Coast","KEN_2_4","Tana River","KEN_3_18","Garsen Sub County","Lj0mu9j58Ss","Garsen Sub County","Tana River County","Seasonal Transmission","tana river","tana river","tana river","County","Tana River County","Tana River County","Tana River County","Seasonal Transmission"
"209","Kenya","KEN_1_1","Coast","KEN_2_1","Mombasa","KEN_3_5","Likoni  Sub County","iy93Mmi73Or","Likoni Sub County","Mombasa County","Coast Endemic","mombasa","Likoni","Likoni","Sub County","Likoni Sub County","Likoni Sub County","Mombasa County","Coast Endemic"
"210","Kenya","KEN_1_3","Eastern","KEN_2_15","Kitui","KEN_3_69","Mwingi Central Sub- County","uE7HKhqPOtf","Mwingi Central Sub County","Kitui County","Seasonal Transmission","kitui","kitui","kitui","County","Kitui County","Kitui County","Kitui County","Seasonal Transmission"
"211","Kenya","KEN_1_7","Nyanza","KEN_2_42","Kisumu","KEN_3_241","Seme Sub County","LRNmnMw1fBs","Seme Sub County","Kisumu County","Lake Endemic","kisumu vaccine 22","Seme","Seme","Sub County","Seme Sub County","Seme Sub County","Kisumu County","Lake Endemic"
"212","Kenya","KEN_1_5","Rift Valley","KEN_2_35","Kericho","KEN_3_189","Kipkelion West Sub County","Taw0Zg7nArd","Kipkelion West Sub County","Kericho County","Highland Epidemic Prone","kericho","Kipkelion West","Kipkelion West","Sub County","Kipkelion West Sub County","Kipkelion West Sub County","Kericho County","Highland Epidemic Prone"
"213","Kenya","KEN_1_5","Rift Valley","KEN_2_23","Turkana","KEN_3_127","Turkana South Sub County","iTw0sFjlqZ2","Turkana South Sub County","Turkana County","Seasonal Transmission","turkana seasonal","Turkana South","Turkana South","Sub County","Turkana South Sub County","Turkana South Sub County","Turkana County","Seasonal Transmission"
"214","Kenya","KEN_1_5","Rift Valley","KEN_2_32","Nakuru","KEN_3_166","Molo  Sub County","RJ4LGJiSHFg","Molo Sub County","Nakuru County","Low Risk","nakuru","nakuru","nakuru","County","Nakuru County","Nakuru County","Nakuru County","Low Risk"
"215","Kenya","KEN_1_6","Western","KEN_2_39","Bungoma","KEN_3_217","Sirisia Sub County","whWfFA9D7td","Sirisia Sub County","Bungoma County","Lake Endemic","bungoma vaccine 23","Sirisia","Sirisia","Sub County","Sirisia Sub County","Sirisia Sub County","Bungoma County","Lake Endemic"
"216","Kenya","KEN_1_1","Coast","KEN_2_2","Kwale","KEN_3_10","Kinango Sub County","LOgbecTRkbp","Kinango Sub County","Kwale County","Coast Endemic","kwale","Kinango","Kinango","Sub County","Kinango Sub County","Kinango Sub County","Kwale County","Coast Endemic"
"217","Kenya","KEN_1_2","North Eastern","KEN_2_8","Wajir","KEN_3_33","Wajir North Sub County","qsjAa8FE8OS","Wajir North Sub County","Wajir County","Seasonal Transmission","wajir","wajir","wajir","County","Wajir County","Wajir County","Wajir County","Seasonal Transmission"
"218","Kenya","KEN_1_6","Western","KEN_2_37","Kakamega","KEN_3_206","Matungu Sub County","ssbO49f0iLN","Matungu Sub County","Kakamega County","Lake Endemic","kakamega vaccine 23","Matungu","Matungu","Sub County","Matungu Sub County","Matungu Sub County","Kakamega County","Lake Endemic"
"219","Kenya","KEN_1_4","Central","KEN_2_21","Muranga","KEN_3_110","Gatanga Sub County","Z7ALMtFNfeZ","Gatanga Sub County","Muranga County","Low Risk","muranga","muranga","muranga","County","Muranga County","Muranga County","Muranga County","Low Risk"
"220","Kenya","KEN_1_5","Rift Valley","KEN_2_29","Nandi","KEN_3_152","Aldai Sub County","Sq2fLWnOCGg","Aldai Sub County","Nandi County","Highland Epidemic Prone","nandi","Aldai","Aldai","Sub County","Aldai Sub County","Aldai Sub County","Nandi County","Highland Epidemic Prone"
"221","Kenya","KEN_1_7","Nyanza","KEN_2_45","Kisii","KEN_3_267","Nyaribari Chache  Sub County","fFh3beH29fD","Nyaribari Chache Sub County","Kisii County","Highland Epidemic Prone","kisii","Nyaribari Chache","Nyaribari Chache","Sub County","Nyaribari Chache Sub County","Nyaribari Chache Sub County","Kisii County","Highland Epidemic Prone"
"222","Kenya","KEN_1_4","Central","KEN_2_22","Kiambu","KEN_3_114","Thika Town Sub County","YZAZ1a9MIvX","Thika Town Sub County","Kiambu County","Low Risk","kiambu","kiambu","kiambu","County","Kiambu County","Kiambu County","Kiambu County","Low Risk"
"223","Kenya","KEN_1_5","Rift Valley","KEN_2_32","Nakuru","KEN_3_171","Kuresoi North  Sub County","QBwORnYdu0e","Kuresoi North Sub County","Nakuru County","Low Risk","nakuru","nakuru","nakuru","County","Nakuru County","Nakuru County","Nakuru County","Low Risk"
"224","Kenya","KEN_1_7","Nyanza","KEN_2_42","Kisumu","KEN_3_242","Nyando Sub County","iRK9uABUTVZ","Nyando Sub County","Kisumu County","Lake Endemic","kisumu vaccine 23","Nyando","Nyando","Sub County","Nyando Sub County","Nyando Sub County","Kisumu County","Lake Endemic"
"225","Kenya","KEN_1_6","Western","KEN_2_40","Busia","KEN_3_230","Samia Sub County","NHRktMsAkO1","Samia Sub County","Busia County","Lake Endemic","busia vaccine 22","Samia","Samia","Sub County","Samia Sub County","Samia Sub County","Busia County","Lake Endemic"
"226","Kenya","KEN_1_7","Nyanza","KEN_2_41","Siaya","KEN_3_234","Alego Usonga Sub County","Cu46otDi1RO","Alego Usonga Sub County","Siaya County","Lake Endemic","siaya","Alego Usonga","Alego Usonga","Sub County","Alego Usonga Sub County","Alego Usonga Sub County","Siaya County","Lake Endemic"
"227","Kenya","KEN_1_5","Rift Valley","KEN_2_29","Nandi","KEN_3_154","Chesumei Sub County","xLWuQq3DjOR","Chesumei Sub County","Nandi County","Highland Epidemic Prone","nandi","Chesumei","Chesumei","Sub County","Chesumei Sub County","Chesumei Sub County","Nandi County","Highland Epidemic Prone"
"228","Kenya","KEN_1_7","Nyanza","KEN_2_42","Kisumu","KEN_3_239","Kisumu West Sub County","YzEDO9Mq4TR","Kisumu West Sub County","Kisumu County","Lake Endemic","kisumu vaccine 22","Kisumu West","Kisumu West","Sub County","Kisumu West Sub County","Kisumu West Sub County","Kisumu County","Lake Endemic"
"229","Kenya","KEN_1_5","Rift Valley","KEN_2_30","Baringo","KEN_3_158","Baringo North Sub County","bqtTmWcikTN","Baringo North Sub County","Baringo County","Seasonal Transmission","baringo seasonal","Baringo North","Baringo North","Sub County","Baringo North Sub County","Baringo North Sub County","Baringo County","Seasonal Transmission"
"230","Kenya","KEN_1_5","Rift Valley","KEN_2_33","Narok","KEN_3_179","Narok North Sub County","fNROL0qm8De","Narok North Sub County","Narok County","Highland Epidemic Prone","narok","Narok North","Narok North","Sub County","Narok North Sub County","Narok North Sub County","Narok County","Highland Epidemic Prone"
"231","Kenya","KEN_1_7","Nyanza","KEN_2_44","Migori","KEN_3_257","Uriri Sub County","fCInDXluNhx","Uriri Sub County","Migori County","Lake Endemic","migori vaccine 23","Uriri","Uriri","Sub County","Uriri Sub County","Uriri Sub County","Migori County","Lake Endemic"
"232","Kenya","KEN_1_4","Central","KEN_2_19","Nyeri","KEN_3_97","Nyeri South Sub County","dd7jowvUO95","Nyeri South Sub County","Nyeri County","Low Risk","nyeri","nyeri","nyeri","County","Nyeri County","Nyeri County","Nyeri County","Low Risk"
"233","Kenya","KEN_1_4","Central","KEN_2_20","Kirinyaga","KEN_3_100","Kirinyaga North/Mwea West Sub County","f6EOn3xI9YH","Kirinyaga North Sub County","Kirinyaga County","Low Risk","kirinyaga itn","kirinyaga","kirinyaga itn","County","Kirinyaga County","Kirinyaga North /South","Kirinyaga County","Low Risk"
"234","Kenya","KEN_1_6","Western","KEN_2_37","Kakamega","KEN_3_204","Mumias West  Sub County","uRl5fBkhpcE","Mumias West Sub County","Kakamega County","Lake Endemic","kakamega vaccine 22","Mumias West","Mumias West","Sub County","Mumias West Sub County","Mumias West Sub County","Kakamega County","Lake Endemic"
"235","Kenya","KEN_1_1","Coast","KEN_2_5","Lamu","KEN_3_21","LAMU EAST","cwnqFyTJIgX","Lamu East Sub County","Lamu County","Coast Endemic","lamu","Lamu East","Lamu East","Sub County","Lamu East Sub County","Lamu East Sub County","Lamu County","Coast Endemic"
"236","Kenya","KEN_1_2","North Eastern","KEN_2_7","Garissa","KEN_3_32","Ijara Sub County","l5E6PiIUs1J","Ijara Sub County","Garissa County","Seasonal Transmission","garissa","garissa","garissa","County","Garissa County","Garissa County","Garissa County","Seasonal Transmission"
"237","Kenya","KEN_1_7","Nyanza","KEN_2_43","Homa Bay","KEN_3_247","Karachuonyo Sub County","fmsyW02tPng","Karachuonyo Sub County","Homa Bay County","Lake Endemic","homa bay","Karachuonyo","Karachuonyo","Sub County","Karachuonyo Sub County","Karachuonyo Sub County","Homa Bay County","Lake Endemic"
"238","Kenya","KEN_1_7","Nyanza","KEN_2_44","Migori","KEN_3_255","Suna East Sub County","nHEr5EciFh0","Suna East Sub County","Migori County","Lake Endemic","migori vaccine 23","Suna East","Suna East","Sub County","Suna East Sub County","Suna East Sub County","Migori County","Lake Endemic"
"239","Kenya","KEN_1_5","Rift Valley","KEN_2_32","Nakuru","KEN_3_175","Nakuru West  Sub County","KTayLusaU5I","Nakuru West Sub County","Nakuru County","Low Risk","nakuru","nakuru","nakuru","County","Nakuru County","Nakuru County","Nakuru County","Low Risk"
"240","Kenya","KEN_1_1","Coast","KEN_2_5","Lamu","KEN_3_22","LAMU WEST","Lfxw0DfD4jN","Lamu West Sub County","Lamu County","Coast Endemic","lamu","Lamu West","Lamu West","Sub County","Lamu West Sub County","Lamu West Sub County","Lamu County","Coast Endemic"
"241","Kenya","KEN_1_5","Rift Valley","KEN_2_30","Baringo","KEN_3_161","Mogotio Sub County","k5sxmlXAtIg","Mogotio Sub County","Baringo County","Highland Epidemic Prone","baringo","Mogotio","Mogotio","Sub County","Mogotio Sub County","Mogotio Sub County","Baringo County","Highland Epidemic Prone"
"242","Kenya","KEN_1_5","Rift Valley","KEN_2_33","Narok","KEN_3_182","Narok West Sub County","ouA247cg58A","Narok West Sub County","Narok County","Highland Epidemic Prone","narok","Narok West","Narok West","Sub County","Narok West Sub County","Narok West Sub County","Narok County","Highland Epidemic Prone"
"243","Kenya","KEN_1_4","Central","KEN_2_19","Nyeri",NA,"Mathira West Sub County","msIc1uFAY6B","Mathira West Sub County","Nyeri County","Low Risk","nyeri","nyeri","nyeri","County","Nyeri County","Nyeri County","Nyeri County","Low Risk"
"244","Kenya","KEN_1_6","Western","KEN_2_39","Bungoma","KEN_3_221","Webuye  East Sub County","f4AOiG8fYtn","Webuye East Sub County","Bungoma County","Lake Endemic","bungoma","Webuye  East","Webuye  East","Sub County","Webuye East Sub County","Webuye East Sub County","Bungoma County","Lake Endemic"
"245","Kenya","KEN_1_6","Western","KEN_2_39","Bungoma","KEN_3_223","Kimilili Sub County","AphsS3lJwKU","Kimilili Sub County","Bungoma County","Lake Endemic","bungoma","Kimilili","Kimilili","Sub County","Kimilili Sub County","Kimilili Sub County","Bungoma County","Lake Endemic"
"246","Kenya","KEN_1_3","Eastern","KEN_2_17","Makueni","KEN_3_88","Kibwezi East  Sub County","ZhhyithPNoI","Kibwezi East Sub County","Makueni County","Low Risk","makueni","makueni","makueni","County","Makueni County","Makueni County","Makueni County","Low Risk"
"247","Kenya","KEN_1_3","Eastern","KEN_2_11","Isiolo","KEN_3_50","Garbatulla Sub County","ecl4YnDebUi","Garbatulla Sub County","Isiolo County","Seasonal Transmission","isiolo","isiolo","isiolo","County","Isiolo County","Isiolo County","Isiolo County","Seasonal Transmission"
"248","Kenya","KEN_1_5","Rift Valley","KEN_2_26","Trans Nzoia","KEN_3_140","Cherangany Sub County","f18kGo9yXWo","Cherangany Sub County","Trans Nzoia County","Highland Epidemic Prone","trans nzoia","Cherangany","Cherangany","Sub County","Cherangany Sub County","Cherangany Sub County","Trans Nzoia County","Highland Epidemic Prone"
"249","Kenya","KEN_1_5","Rift Valley","KEN_2_34","Kajiado","KEN_3_186","Kajiado West Sub County","wYsCfCAUWNB","Kajiado West Sub County","Kajiado County","Seasonal Transmission","kajiado","kajiado","kajiado","County","Kajiado County","Kajiado County","Kajiado County","Seasonal Transmission"
"250","Kenya","KEN_1_6","Western","KEN_2_39","Bungoma","KEN_3_224","Tongaren Sub County","orUwYD52An3","Tongaren Sub County","Bungoma County","Highland Epidemic Prone","bungoma","Tongaren","Tongaren","Sub County","Tongaren Sub County","Tongaren Sub County","Bungoma County","Highland Epidemic Prone"
"251","Kenya","KEN_1_3","Eastern","KEN_2_12","Meru","KEN_3_58","Imenti Central Sub County","OnNcTsJgfvL","Imenti Central Sub County","Meru County","Low Risk","meru","meru","meru","County","Meru County","Meru County","Meru County","Low Risk"
"252","Kenya","KEN_1_6","Western","KEN_2_37","Kakamega","KEN_3_199","Lugari Sub County","ZOdhgR19Akq","Lugari Sub County","Kakamega County","Highland Epidemic Prone","kakamega","Lugari","Lugari","Sub County","Lugari Sub County","Lugari Sub County","Kakamega County","Highland Epidemic Prone"
"253","Kenya","KEN_1_5","Rift Valley","KEN_2_26","Trans Nzoia","KEN_3_138","Saboti  Sub County","y2M16lesMsF","Saboti Sub County","Trans Nzoia County","Highland Epidemic Prone","trans nzoia","Saboti","Saboti","Sub County","Saboti Sub County","Saboti Sub County","Trans Nzoia County","Highland Epidemic Prone"
"254","Kenya","KEN_1_8","Nairobi","KEN_2_47","Nairobi","KEN_3_283","Embakasi North Sub County","SSz1iOv28Jk","Embakasi North Sub County","Nairobi County","Low Risk","nairobi","nairobi","nairobi","County","Nairobi County","Nairobi County","Nairobi County","Low Risk"
"255","Kenya","KEN_1_3","Eastern","KEN_2_17","Makueni","KEN_3_87","Kibwezi West  Sub County","toa2Hl7iVQI","Kibwezi West Sub County","Makueni County","Low Risk","makueni","makueni","makueni","County","Makueni County","Makueni County","Makueni County","Low Risk"
"256","Kenya","KEN_1_6","Western","KEN_2_37","Kakamega","KEN_3_207","Butere Sub County","K7mZpm8COh7","Butere Sub County","Kakamega County","Lake Endemic","kakamega vaccine 22","Butere","Butere","Sub County","Butere Sub County","Butere Sub County","Kakamega County","Lake Endemic"
"257","Kenya","KEN_1_5","Rift Valley","KEN_2_30","Baringo","KEN_3_159","Baringo Central Sub County","k7Rj54u6dMx","Baringo Central Sub County","Baringo County","Seasonal Transmission","baringo seasonal","Baringo Central","Baringo Central","Sub County","Baringo Central Sub County","Baringo Central Sub County","Baringo County","Seasonal Transmission"
"258","Kenya","KEN_1_5","Rift Valley","KEN_2_34","Kajiado","KEN_3_183","Kajiado North Sub County","BLz1HkvvMkA","Kajiado North Sub County","Kajiado County","Seasonal Transmission","kajiado","kajiado","kajiado","County","Kajiado County","Kajiado County","Kajiado County","Seasonal Transmission"
"259","Kenya","KEN_1_5","Rift Valley","KEN_2_23","Turkana","KEN_3_128","Turkana East Sub County","dr8gOvVAdiE","Turkana East Sub County","Turkana County","Seasonal Transmission","turkana seasonal","Turkana East","Turkana East","Sub County","Turkana East Sub County","Turkana East Sub County","Turkana County","Seasonal Transmission"
"260","Kenya","KEN_1_7","Nyanza","KEN_2_43","Homa Bay","KEN_3_250","Ndhiwa Sub County","i2Y2fyNoFyZ","Ndhiwa Sub County","Homa Bay County","Lake Endemic","homa bay vaccine 22","Ndhiwa","Ndhiwa","Sub County","Ndhiwa Sub County","Ndhiwa Sub County","Homa Bay County","Lake Endemic"
"261","Kenya","KEN_1_4","Central","KEN_2_22","Kiambu","KEN_3_119","Kabete Sub County","lb5LzWiUX8Y","Kabete Sub County","Kiambu County","Low Risk","kiambu","kiambu","kiambu","County","Kiambu County","Kiambu County","Kiambu County","Low Risk"
"262","Kenya","KEN_1_3","Eastern","KEN_2_13","Tharaka-Nithi","KEN_3_62","Tharaka North Sub County","ZNXf7qiVh3t","Tharaka North Sub County","Tharaka-Nithi County","Seasonal Transmission","tharaka-nithi seasonal","Tharaka North","Tharaka North","Sub County","Tharaka North Sub County","Tharaka North Sub County","Tharaka-Nithi County","Seasonal Transmission"
"263","Kenya","KEN_1_5","Rift Valley","KEN_2_27","Uasin Gishu","KEN_3_141","Soy Sub County","lmr1q6dTaso","Soy Sub County","Uasin Gishu County","Highland Epidemic Prone","uasin gishu","Soy","Soy","Sub County","Soy Sub County","Soy Sub County","Uasin Gishu County","Highland Epidemic Prone"
"264","Kenya","KEN_1_8","Nairobi","KEN_2_47","Nairobi","KEN_3_286","Embakasi West Sub County","aCwUX5V42Zz","Embakasi West Sub County","Nairobi County","Low Risk","nairobi","nairobi","nairobi","County","Nairobi County","Nairobi County","Nairobi County","Low Risk"
"265","Kenya","KEN_1_4","Central","KEN_2_21","Muranga","KEN_3_107","Kigumo Sub County","tyfDsdZ1h3R","Kigumo Sub County","Muranga County","Low Risk","muranga","muranga","muranga","County","Muranga County","Muranga County","Muranga County","Low Risk"
"266","Kenya","KEN_1_4","Central","KEN_2_18","Nyandarua","KEN_3_89","Kinangop Sub County","RAnL5kBKMIt","Kinangop Sub County","Nyandarua County","Low Risk","nyandarua","nyandarua","nyandarua","County","Nyandarua County","Nyandarua County","Nyandarua County","Low Risk"
"267","Kenya","KEN_1_2","North Eastern","KEN_2_7","Garissa",NA,"Hulugho Sub County","uyeif4CPqHt","Hulugho Sub County","Garissa County","Seasonal Transmission","garissa","garissa","garissa","County","Garissa County","Garissa County","Garissa County","Seasonal Transmission"
"268","Kenya","KEN_1_7","Nyanza","KEN_2_45","Kisii","KEN_3_265","Bomachoge Chache Sub County","YqYSkwmOtiR","Bomachoge Chache Sub County","Kisii County","Highland Epidemic Prone","kisii","Bomachoge Chache","Bomachoge Chache","Sub County","Bomachoge Chache Sub County","Bomachoge Chache Sub County","Kisii County","Highland Epidemic Prone"
"269","Kenya","KEN_1_5","Rift Valley","KEN_2_23","Turkana","KEN_3_126","Loima Sub County","OZiGQn2R8kK","Loima Sub County","Turkana County","Seasonal Transmission","turkana itn 21 seasonal","Loima","Loima","Sub County","Loima Sub County","Loima Sub County","Turkana County","Seasonal Transmission"
"270","Kenya","KEN_1_4","Central","KEN_2_22","Kiambu","KEN_3_121","Limuru Sub County","xhVi71INcFs","Limuru Sub County","Kiambu County","Low Risk","kiambu","kiambu","kiambu","County","Kiambu County","Kiambu County","Kiambu County","Low Risk"
"271","Kenya","KEN_1_3","Eastern","KEN_2_11","Isiolo","KEN_3_49","Isiolo Sub County","I2LYLqKU6AW","Isiolo Sub County","Isiolo County","Seasonal Transmission","isiolo","isiolo","isiolo","County","Isiolo County","Isiolo County","Isiolo County","Seasonal Transmission"
"272","Kenya","KEN_1_5","Rift Valley","KEN_2_32","Nakuru","KEN_3_167","Njoro  Sub County","gSJXzH1DM75","Njoro Sub County","Nakuru County","Low Risk","nakuru","nakuru","nakuru","County","Nakuru County","Nakuru County","Nakuru County","Low Risk"
"273","Kenya","KEN_1_5","Rift Valley","KEN_2_32","Nakuru","KEN_3_173","Rongai  Sub County","OK0hW8DFHq3","Rongai Sub County","Nakuru County","Low Risk","nakuru","nakuru","nakuru","County","Nakuru County","Nakuru County","Nakuru County","Low Risk"
"274","Kenya","KEN_1_4","Central","KEN_2_22","Kiambu","KEN_3_116","Githunguri Sub County","E7tkGikenbD","Githunguri Sub County","Kiambu County","Low Risk","kiambu","kiambu","kiambu","County","Kiambu County","Kiambu County","Kiambu County","Low Risk"
"275","Kenya","KEN_1_7","Nyanza","KEN_2_44","Migori","KEN_3_256","Suna West Sub County","VtuwXD7O1O9","Suna West Sub County","Migori County","Lake Endemic","migori vaccine 23","Suna West","Suna West","Sub County","Suna West Sub County","Suna West Sub County","Migori County","Lake Endemic"
"276","Kenya","KEN_1_6","Western","KEN_2_40","Busia","KEN_3_231","Bunyala Sub County","zI6vnsXresW","Bunyala Sub County","Busia County","Lake Endemic","busia vaccine 23","Bunyala","Bunyala","Sub County","Bunyala Sub County","Bunyala Sub County","Busia County","Lake Endemic"
"277","Kenya","KEN_1_5","Rift Valley","KEN_2_35","Kericho","KEN_3_190","Ainamoi Sub County","GshNTMZJ5r1","Ainamoi Sub County","Kericho County","Highland Epidemic Prone","kericho","Ainamoi","Ainamoi","Sub County","Ainamoi Sub County","Ainamoi Sub County","Kericho County","Highland Epidemic Prone"
"278","Kenya","KEN_1_5","Rift Valley","KEN_2_33","Narok","KEN_3_180","Narok East Sub County","gZM3NbHaugk","Narok East Sub County","Narok County","Highland Epidemic Prone","narok","Narok East","Narok East","Sub County","Narok East Sub County","Narok East Sub County","Narok County","Highland Epidemic Prone"
"279","Kenya","KEN_1_7","Nyanza","KEN_2_44","Migori","KEN_3_260","Kuria East Sub County","THm2tCJa2ZQ","Kuria East Sub County","Migori County","Lake Endemic","migori no irs","Kuria East","Kuria East","Sub County","Kuria East Sub County","Kuria East Sub County","Migori County","Lake Endemic"
"280","Kenya","KEN_1_1","Coast","KEN_2_2","Kwale","KEN_3_9","Matuga Sub County","wUNEDOnx9uB","Matuga Sub County","Kwale County","Coast Endemic","kwale","Matuga","Matuga","Sub County","Matuga Sub County","Matuga Sub County","Kwale County","Coast Endemic"
"281","Kenya","KEN_1_5","Rift Valley","KEN_2_28","Elgeyo-Marakwet","KEN_3_148","Marakwet West Sub County","fNCuk4Lpsnh","Marakwet West Sub County","Elgeyo-Marakwet County","Highland Epidemic Prone","elgeyo-marakwet","Marakwet West","Marakwet West","Sub County","Marakwet West Sub County","Marakwet West Sub County","Elgeyo-Marakwet County","Highland Epidemic Prone"
"282","Kenya","KEN_1_3","Eastern","KEN_2_17","Makueni","KEN_3_84","Kilome Sub County","XAy1bjurhLU","Kilome Sub County","Makueni County","Low Risk","makueni","makueni","makueni","County","Makueni County","Makueni County","Makueni County","Low Risk"
"283","Kenya","KEN_1_3","Eastern","KEN_2_12","Meru","KEN_3_55","Tigania East Sub County","U3lGZ71W9Te","Tigania East Sub County","Meru County","Low Risk","meru","meru","meru","County","Meru County","Meru County","Meru County","Low Risk"
"284","Kenya","KEN_1_6","Western","KEN_2_38","Vihiga","KEN_3_214","Luanda Sub County","lkYdgjRSOoE","Luanda Sub County","Vihiga County","Lake Endemic","vihiga vaccine 22","Luanda","Luanda","Sub County","Luanda Sub County","Luanda Sub County","Vihiga County","Lake Endemic"
"285","Kenya","KEN_1_1","Coast","KEN_2_3","Kilifi","KEN_3_11","Kilifi North Sub County","MEkEH8ZmcOU","Kilifi North Sub County","Kilifi County","Coast Endemic","kilifi","Kilifi North","Kilifi North","Sub County","Kilifi North Sub County","Kilifi North Sub County","Kilifi County","Coast Endemic"
"286","Kenya","KEN_1_7","Nyanza","KEN_2_46","Nyamira",NA,"Manga Sub County","f3AcdRzgTwz","Manga Sub County","Nyamira County","Highland Epidemic Prone","nyamira","Manga","Manga","Sub County","Manga Sub County","Manga Sub County","Nyamira County","Highland Epidemic Prone"
"287","Kenya","KEN_1_7","Nyanza","KEN_2_43","Homa Bay","KEN_3_251","Mbita Sub County","mCGytMcMf6y","Mbita Sub County","Homa Bay County","Lake Endemic","homa bay","Mbita","Mbita","Sub County","Mbita Sub County","Mbita Sub County","Homa Bay County","Lake Endemic"
"288","Kenya","KEN_1_3","Eastern","KEN_2_12","Meru","KEN_3_56","Imenti North Sub County","BDxUGx86itV","Imenti North Sub County","Meru County","Low Risk","meru","meru","meru","County","Meru County","Meru County","Meru County","Low Risk"
"289","Kenya","KEN_1_3","Eastern","KEN_2_15","Kitui","KEN_3_67","Mwingi North Sub County","KXM9VnhuLfP","Mwingi North Sub County","Kitui County","Seasonal Transmission","kitui","kitui","kitui","County","Kitui County","Kitui County","Kitui County","Seasonal Transmission"
"290","Kenya","KEN_1_6","Western","KEN_2_37","Kakamega","KEN_3_205","Mumias East Sub County","FBteTV1eqB6","Mumias East Sub County","Kakamega County","Lake Endemic","kakamega vaccine 23","Mumias East","Mumias East","Sub County","Mumias East Sub County","Mumias East Sub County","Kakamega County","Lake Endemic"
"291","Kenya","KEN_1_8","Nairobi","KEN_2_47","Nairobi","KEN_3_289","Starehe  Sub County","nKHlZyN0lt9","Starehe Sub County","Nairobi County","Low Risk","nairobi","nairobi","nairobi","County","Nairobi County","Nairobi County","Nairobi County","Low Risk"
"292","Kenya","KEN_1_5","Rift Valley","KEN_2_30","Baringo","KEN_3_157","Tiaty Sub County","st4v8xfqgJf","Tiaty East Sub County","Baringo County","Seasonal Transmission","baringo seasonal","Tiaty East","Tiaty East","Sub County","Tiaty East Sub County","Tiaty East Sub County","Baringo County","Seasonal Transmission"
"293","Kenya","KEN_1_5","Rift Valley","KEN_2_30","Baringo",NA,"East Pokot Sub County","Mk4bMOSMRTB","Tiaty West Sub County","Baringo County","Seasonal Transmission","baringo seasonal","Tiaty West","Tiaty West","Sub County","Tiaty West Sub County","Tiaty West Sub County","Baringo County","Seasonal Transmission"
"294","Kenya","KEN_1_3","Eastern","KEN_2_16","Machakos",NA,"Kalama Sub County","pJDgmrxMQTn","Kalama Sub County","Machakos County","Low Risk","machakos","machakos","machakos","County","Machakos County","Machakos County","Machakos County","Low Risk"
"295","Kenya","KEN_1_3","Eastern","KEN_2_16","Machakos","KEN_3_81","Machakos Sub County","KXc4ez8OAFz","Machakos Sub County","Machakos County","Low Risk","machakos","machakos","machakos","County","Machakos County","Machakos County","Machakos County","Low Risk"
"296","Kenya","KEN_1_2","North Eastern","KEN_2_9","Mandera",NA,"Kutulo Sub County","iGFdm333PJ2","Kutulo Sub County","Mandera County","Seasonal Transmission","mandera","mandera","mandera","County","Mandera County","Mandera County","Mandera County","Seasonal Transmission"
"297","Kenya","KEN_1_2","North Eastern","KEN_2_9","Mandera","KEN_3_42","MANDERA SOUTH","qyhVIMG2rUw","Mandera South Sub County","Mandera County","Seasonal Transmission","mandera","mandera","mandera","County","Mandera County","Mandera County","Mandera County","Seasonal Transmission"
"298","Kenya","KEN_1_5","Rift Valley","KEN_2_27","Uasin Gishu","KEN_3_144","Ainabkoi Sub County","mYlMs4xTj82","Ainabkoi Sub County","Uasin Gishu County","Highland Epidemic Prone","uasin gishu","Ainabkoi","Ainabkoi","Sub County","Ainabkoi Sub County","Ainabkoi Sub County","Uasin Gishu County","Highland Epidemic Prone"
"299","Kenya","KEN_1_3","Eastern","KEN_2_13","Tharaka-Nithi",NA,"Maara Sub County",NA,"Maara Sub County","Tharaka-Nithi County","Low Risk","tharaka-nithi","Mwimbi","Mwimbi","Sub County","Maara Sub County","Maara Sub County","Tharaka-Nithi County","Low Risk"
"300","Kenya","KEN_1_3","Eastern","KEN_2_13","Tharaka-Nithi",NA,"Chuka Igambang'ombe Sub County",NA,"Chuka Igambang'ombe Sub County","Tharaka-Nithi County","Low Risk","tharaka-nithi","Chuka","Chuka","Sub County","Chuka Igambang'ombe Sub County","Chuka Igambang'ombe Sub County","Tharaka-Nithi County","Low Risk"
"301","Kenya","KEN_1_5","Rift Valley","KEN_2_23","Turkana","KEN_3_123","Turkana North Sub County","mWpq607yRXh","Turkana North Sub County","Turkana County","Seasonal Transmission","turkana seasonal","Turkana North","Turkana North","Sub County","Turkana North Sub County","Turkana North Sub County","Turkana County","Seasonal Transmission"
